Name_and_model,Model_type,In_Game_Price,car_source,stock_specs,Stock_Rating,Drive_Type,speed,handling,acceleration,launch,braking,Offroad,Top_Speed,0-60_Mph,0-100_Mph,g-force,Horse_Power,Weight_lbs
2001 Acura Integra Type R,RETRO HOT HATCH,25000.0,Autoshow,C,596.0,FWD,5.6,5.1,3.9,3.1,3.4,5.1,155.5,6.2,14.7,0.9,195,2639.0
2002 Acura RSX Type S,RETRO HOT HATCH,25000.0,Autoshow,C,585.0,FWD,5.6,5.1,3.9,3.0,3.5,5.3,,4.1,,,200,2820.0
2017 Acura NSX,MODERN SUPERCARS,170000.0,Autoshow,S1,831.0,AWD,7.0,7.0,9.2,10.0,7.1,4.7,,4.1,,,573,3803.0
1973 Alpine A110 1600s,CLASSIC RALLY,98000.0,Autoshow,C,550.0,RWD,5.0,4.4,4.1,3.1,3.0,5.3,138.0,7.0,20.6,0.84,123,1576.0
2017 Alpine A110,MODERN SPORTS CARS,67500.0,Wheelspin,B,694.0,RWD,6.0,6.4,5.4,5.7,4.2,4.2,,4.1,,,248,2432.0
2015 Alumi Craft Class 10 Race Car,UNLIMITED BUGGIES,300000.0,Autoshow,B,642.0,RWD,4.4,3.8,5.0,4.1,4.8,10.0,,4.1,,,196,2200.0
1973 AMC Gremlin X,CULT CARS,35000.0,Autoshow,D,403.0,RWD,4.0,3.9,3.4,3.4,2.3,5.2,112.0,9.6,25.1,0.78,150,2840.0
2554 AMG TRANSPORT DYNAMICS M12S Warthog CST,UNLIMITED OFFROAD,850000.0,Autoshow,A,719.0,AWD,4.2,4.1,8.6,10.0,6.7,10.0,116.9,3.5,9.2,0.96,720,5071.0
2018 Apollo Intensa Emozione,EXTREME TRACK TOYS,1500000.0,Autoshow,S2,963.0,RWD,7.4,10.0,7.7,8.4,10.0,3.9,204.5,2.6,5.0,1.73,780,2756.0
"2018 Apollo Intensa Emozione ""Welcome Pack""",EXTREME TRACK TOYS,1500000.0,Autoshow,S2,998.0,RWD,7.6,10.0,7.9,8.6,10.0,3.8,,4.1,,,930,2480.0
2013 Ariel Atom 500 V8,EXTREME TRACK TOYS,200000.0,Autoshow,S2,924.0,RWD,6.3,8.8,7.8,8.5,7.2,3.9,176.8,3.1,5.7,1.32,475,1433.0
2016 Ariel Nomad,UNLIMITED BUGGIES,93000.0,Autoshow,A,711.0,RWD,5.2,4.7,6.5,7.2,4.2,8.1,,4.1,,,236,1477.0
1964 Aston Martin DB5,RARE CLASSICS,800000.0,Autoshow,C,548.0,RWD,5.4,4.0,4.0,3.4,2.7,5.4,151.3,8.1,19.0,0.79,325,3230.0
2013 Aston Martin V12 Vantage S,SUPER GT,240000.0,Autoshow,A,796.0,RWD,7.8,6.2,5.4,5.7,6.4,4.4,,4.1,,,565,3671.0
2016 Aston Martin Vantage GT12,TRACK TOYS,400000.0,Accolade,S1,829.0,RWD,6.7,8.0,5.9,6.1,8.1,4.4,183.0,3.7,8.0,1.16,593,3450.0
2017 Aston Martin DB11,SUPER GT,300000.0,Autoshow,A,787.0,RWD,7.3,6.5,5.7,6.1,6.1,4.7,,4.1,,,608,4134.0
2017 Aston Martin Vulcan AMR Pro,EXTREME TRACK TOYS,2000000.0,Autoshow,S2,953.0,RWD,7.7,9.6,6.5,7.0,10.0,3.2,211.0,3.0,5.7,1.73,820,2998.0
2019 Aston Martin DBS Superleggera,SUPER GT,350000.0,Autoshow,S1,835.0,RWD,7.8,6.6,5.8,6.2,6.9,4.5,215.4,3.4,6.4,1.09,715,3966.0
2019 Aston Martin Valhalla Concept Car,HYPERCARS,1150000.0,Autoshow,S2,959.0,AWD,8.5,9.2,10.0,10.0,9.4,4.6,,4.1,,,"1,042",3097.0
2019 Aston Martin Vantage,GT CARS,430000.0,Autoshow,S1,801.0,RWD,7.0,6.7,6.0,6.4,6.1,4.6,,4.1,,,503,3497.0
1983 Audi Sport quattro,RETRO RALLY,175000.0,Autoshow,B,638.0,AWD,5.7,5.0,5.5,2.9,4.0,5.7,157.7,4.5,12.5,0.91,306,2807.0
1995 Audi Avant RS2,RETRO SALOONS,50000.0,Autoshow,B,601.0,AWD,6.0,5.1,5.0,5.3,3.2,5.2,165.2,4.8,13.1,0.87,311,3517.0
2001 Audi RS 4 Avant,RETRO SALOONS,94000.0,Autoshow,B,663.0,AWD,6.4,5.8,5.5,4.7,3.6,5.2,175.5,4.5,11.6,0.92,375,3571.0
2003 Audi RS 6,RETRO SALOONS,105000.0,Autoshow,B,677.0,AWD,6.8,5.7,5.1,5.0,4.1,5.4,187.6,4.4,10.7,0.9,450,4024.0
2006 Audi RS 4,SUPER SALOONS,53000.0,Autoshow,A,710.0,AWD,6.9,6.1,6.0,5.5,4.4,5.3,,4.1,,,420,3638.0
2009 Audi RS 6,SUPER SALOONS,155000.0,Autoshow,A,722.0,AWD,7.5,6.0,6.1,6.7,5.8,5.5,,4.1,,,570,4376.0
2010 Audi TT RS Coupé,MODERN SPORTS CARS,66000.0,Autoshow,A,707.0,AWD,6.6,6.1,5.8,7.0,4.4,5.4,181.1,4.4,11.1,0.96,335,3294.0
2011 Audi RS 3 Sportback,SUPER HOT HATCH,42000.0,Autoshow,B,682.0,AWD,6.0,6.1,5.2,6.5,4.1,5.5,,4.1,,,335,3472.0
2011 Audi RS 5 Coupé,SUPER SALOONS,88000.0,Autoshow,A,733.0,AWD,6.8,6.2,5.8,5.7,5.9,5.5,,4.1,,,442,3830.0
2013 Audi R8 Coupé V10 plus 5.2 FSI quattro,MODERN SUPERCARS,290000.0,Wheelspin,S1,802.0,AWD,7.3,7.0,7.1,6.6,6.9,5.0,,4.1,,,542,3682.0
2013 Audi RS 4 Avant,SUPER SALOONS,83000.0,Autoshow,A,728.0,AWD,7.0,6.2,5.5,5.2,5.2,5.2,,4.1,,,444,3957.0
2013 Audi RS 7 Sportback,SUPER SALOONS,225000.0,Autoshow,A,739.0,AWD,7.6,5.9,7.0,8.2,5.6,5.3,,4.1,,,552,4310.0
2015 Audi RS 6 Avant,SUPER SALOONS,150000.0,Autoshow,A,754.0,AWD,7.4,6.0,7.5,8.3,5.3,5.2,,4.1,,,552,4266.0
2015 Audi S1,HOT HATCH,35000.0,Autoshow,B,644.0,AWD,5.6,5.9,5.2,4.4,3.7,5.6,154.5,5.8,14.0,0.92,228,2899.0
2015 Audi TTS Coupé,MODERN SPORTS CARS,52000.0,Autoshow,A,724.0,AWD,6.7,6.3,5.8,6.4,4.0,5.2,,4.1,,,310,3053.0
2016 Audi R8 V10 plus,MODERN SUPERCARS,242000.0,Autoshow,S1,834.0,AWD,7.8,7.1,7.8,7.4,7.3,5.1,215.9,2.7,6.1,1.11,610,3428.0
2018 Audi TT RS,MODERN SPORTS CARS,0.0,Autoshow,A,748.0,AWD,6.8,6.3,6.7,8.1,4.7,5.2,,4.1,,,400,3307.0
1958 Austin-Healey Sprite MkI,CLASSIC SPORTS CARS,20000.0,Autoshow,D,131.0,RWD,3.1,3.7,1.9,2.5,1.8,4.9,89.1,20.9,,0.74,45,1463.0
1939 Auto Union Type D,VINTAGE RACERS,15000000.0,Autoshow,B,675.0,RWD,8.4,4.2,4.5,3.4,2.7,4.2,228.1,3.8,8.5,0.84,485,2816.0
2014 BAC Mono,TRACK TOYS,160000.0,Wheelspin,S1,868.0,RWD,6.1,8.1,6.3,6.7,8.1,3.9,171.9,2.8,6.7,1.29,280,1354.0
1930 Bentley 8 Litre,RARE CLASSICS,1500000.0,Autoshow,D,181.0,RWD,3.7,3.5,2.4,1.8,1.8,5.7,103.1,16.0,50.0,0.63,220,5600.0
1930 Bentley Blower 4-1/2 Litre Supercharged,VINTAGE RACERS,4000000.0,Autoshow,D,207.0,RWD,3.7,3.3,2.1,2.3,1.9,5.8,,4.1,,,175,4395.0
2016 Bentley Bentayga,SPORTS UTILITY HEROES,180000.0,Autoshow,A,727.0,AWD,7.0,5.0,6.2,7.4,4.0,6.5,192.6,4.4,10.1,0.92,599,5340.0
2017 Bentley Continental Supersports,GT CARS,200000.0,Autoshow,A,769.0,AWD,7.6,6.1,8.0,9.1,5.8,4.9,210.1,3.5,7.9,0.92,700,5029.0
1957 BMW Isetta 300 Export,CULT CARS,45000.0,Autoshow,D,100.0,RWD,1.8,3.4,1.2,2.7,2.4,4.7,,4.1,,,13,920.0
1973 BMW 2002 TURBO,CLASSIC SPORTS CARS,26000.0,Barn,C,531.0,RWD,4.9,4.3,3.8,1.5,2.8,5.6,,4.1,,,168,2381.0
1981 BMW M1,RETRO SUPERCARS,585000.0,Autoshow,B,629.0,RWD,5.9,5.0,4.4,3.1,3.2,4.7,,4.1,,,277,2866.0
1988 BMW M5,RETRO SALOONS,54000.0,Autoshow,C,583.0,RWD,5.8,4.4,4.3,3.9,3.1,5.1,,4.1,,,282,3230.0
1991 BMW M3,RETRO SALOONS,70000.0,Autoshow,C,583.0,RWD,5.6,4.7,4.3,3.4,3.1,4.9,,4.1,,,215,2762.0
1995 BMW M5,RETRO SALOONS,25000.0,Autoshow,B,634.0,RWD,6.7,5.2,4.6,4.2,3.6,4.8,,4.1,,,342,3772.0
1997 BMW M3,RETRO SALOONS,35000.0,Autoshow,B,665.0,RWD,6.5,4.9,4.9,5.2,3.6,5.2,,4.1,,,321,3219.0
2002 BMW M3-GTR,TRACK TOYS,180000.0,Autoshow,A,747.0,RWD,6.7,6.5,5.4,5.7,4.9,4.7,181.6,4.0,9.4,0.99,375,3096.0
2002 BMW Z3 M Coupe,RETRO SPORTS CARS,30000.0,Autoshow,B,675.0,RWD,6.1,5.3,4.9,5.0,3.7,4.9,,4.1,,,315,3170.0
2003 BMW M5,RETRO SALOONS,30000.0,Autoshow,B,694.0,RWD,7.1,5.5,5.0,5.2,3.8,5.1,,4.1,,,394,3900.0
2005 BMW M3,RETRO SALOONS,33000.0,Autoshow,B,675.0,RWD,6.4,5.3,5.0,5.0,3.8,5.0,176.0,4.7,11.6,0.92,333,3415.0
2008 BMW M3,SUPER SALOONS,48000.0,Autoshow,A,725.0,RWD,6.8,5.8,5.0,5.3,4.5,4.5,,4.1,,,414,3649.0
2008 BMW Z4 M Coupe,MODERN SPORTS CARS,82000.0,Autoshow,B,694.0,RWD,6.4,5.8,5.4,4.9,4.3,5.2,,4.1,,,330,3296.0
2009 BMW M5,SUPER SALOONS,90000.0,Autoshow,A,719.0,RWD,7.1,5.9,5.1,4.9,4.4,4.9,,4.1,,,500,4012.0
2011 BMW 1 Series M Coupe,SUPER SALOONS,55000.0,Autoshow,A,712.0,RWD,6.4,5.9,5.2,5.4,4.5,4.8,,4.1,,,335,3296.0
2011 BMW X5 M,SPORTS UTILITY HEROES,100000.0,Autoshow,B,666.0,AWD,6.4,4.8,5.9,6.6,3.7,6.3,,4.1,,,547,5368.0
2011 BMW X5 M Forza Edition,EXTREME TRACK TOYS,500000.0,Other,S2,998.0,AWD,8.0,10.0,10.0,10.0,9.4,4.4,,4.1,,,"1,014",2756.0
2012 BMW M5,SUPER SALOONS,112000.0,Autoshow,A,766.0,RWD,7.4,6.0,5.3,5.6,4.8,4.6,,4.1,,,552,4123.0
2013 BMW M6 Coupe,GT CARS,120000.0,Autoshow,A,758.0,RWD,7.5,5.8,5.0,5.2,5.9,4.6,,4.1,,,560,4255.0
2014 BMW M4 Coupe,SUPER SALOONS,92000.0,Autoshow,A,782.0,RWD,7.1,6.2,5.3,5.6,6.5,4.7,,4.1,,,431,3389.0
2015 BMW i8,MODERN SUPERCARS,140000.0,Autoshow,A,764.0,AWD,7.2,6.4,7.7,8.7,4.6,4.9,,4.1,,,357,3380.0
2015 BMW X6 M,SPORTS UTILITY HEROES,130000.0,Wheelspin,B,687.0,AWD,6.5,4.9,6.0,6.6,4.1,5.8,,4.1,,,567,5185.0
2016 BMW M2 Coupé,SUPER SALOONS,69000.0,Autoshow,A,718.0,RWD,6.5,5.7,5.2,5.5,4.6,4.8,178.1,4.2,10.0,0.95,365,3450.0
2016 BMW M4 GTS,TRACK TOYS,135000.0,Car Collection,S1,814.0,RWD,7.2,7.6,5.7,6.0,7.0,4.0,,4.1,,,493,3329.0
2018 BMW M5,SUPER SALOONS,105000.0,Autoshow,A,784.0,AWD,7.6,6.1,8.7,9.7,6.2,5.1,,4.1,,,600,4370.0
2019 BMW Z4 Roadster,MODERN SPORTS CARS,35000.0,Autoshow,A,751.0,RWD,6.7,6.0,5.6,6.0,4.4,4.6,182.6,4.4,9.9,0.99,382,3252.0
1926 Bugatti Type 35 C,VINTAGE RACERS,1300000.0,Autoshow,D,285.0,RWD,4.0,3.4,2.5,1.4,1.9,4.9,,4.1,,,95,1676.0
1992 Bugatti EB110 Super Sport,RETRO SUPERCARS,1700000.0,Autoshow,S1,805.0,AWD,8.3,6.5,8.0,3.8,5.2,4.9,227.7,3.6,8.2,1.11,611,3126.0
2011 Bugatti Veyron Super Sport,HYPERCARS,2200000.0,Autoshow,S2,913.0,AWD,9.9,7.9,10.0,5.9,8.6,4.9,268.1,2.4,5.0,1.26,"1,183",4044.0
2018 Bugatti Chiron,HYPERCARS,2400000.0,Autoshow,S2,927.0,AWD,10.0,7.9,9.9,6.1,8.6,5.0,,4.1,,,"1,479",4398.0
2019 Bugatti Divo,EXTREME TRACK TOYS,3000000.0,Autoshow,S2,958.0,AWD,9.6,9.9,10.0,6.2,9.5,4.4,,4.1,,,"1,479",4321.0
1970 Buick GSX,CLASSIC MUSCLE,80000.0,Autoshow,C,558.0,RWD,5.1,3.5,3.3,3.2,2.5,5.1,140.7,6.5,13.5,0.79,360,3874.0
1987 Buick Regal GNX,RETRO MUSCLE,130000.0,Autoshow,C,564.0,RWD,5.7,4.0,3.8,2.5,2.5,5.5,,4.1,,,300,3545.0
2016 Cadillac ATS-V,MODERN MUSCLE,65000.0,Autoshow,A,716.0,RWD,7.0,5.5,5.2,3.4,4.2,5.1,,4.1,,,464,3700.0
2016 Cadillac CTS-V Sedan,MODERN MUSCLE,80000.0,Autoshow,A,761.0,RWD,7.2,5.3,4.9,5.2,4.4,4.7,,4.1,,,640,4128.0
2018 Can-Am Maverick X RS Turbo R,UTV'S,25000.0,Autoshow,B,670.0,AWD,3.9,3.7,6.8,9.6,4.5,9.7,,4.1,,,172,1655.0
2013 Caterham Superlight R500,TRACK TOYS,82000.0,Autoshow,A,786.0,RWD,5.6,5.4,5.7,6.2,4.6,3.9,,4.1,,,263,1116.0
1953 Chevrolet Corvette,CLASSIC SPORTS CARS,210000.0,Barn,D,366.0,RWD,3.6,4.0,2.3,1.1,2.0,5.6,,4.1,,,160,2900.0
1953 Chevrolet Corvette Forza Edition,CLASSIC RACERS,500000.0,Wheelspin,A,800.0,RWD,6.5,6.1,5.8,6.2,4.8,3.7,,4.1,,,450,2205.0
1955 Chevrolet 150 Utility Sedan,RODS AND CUSTOMS,35000.0,Autoshow,D,360.0,RWD,4.5,3.5,3.2,2.5,2.0,5.8,123.1,9.7,28.9,0.73,180,3309.0
1957 Chevrolet Bel Air,RODS AND CUSTOMS,130000.0,Autoshow,D,432.0,RWD,4.8,3.8,2.8,1.6,2.1,6.0,130.6,7.3,19.6,0.75,220,3337.0
1960 Chevrolet Corvette,CLASSIC SPORTS CARS,150000.0,Car Collection,C,541.0,RWD,5.4,4.0,3.6,2.8,2.5,5.6,,4.1,,,290,3080.0
1964 Chevrolet Impala Super Sport 409,RODS AND CUSTOMS,46000.0,Autoshow,C,544.0,RWD,5.5,3.6,3.4,3.0,2.3,5.4,150.4,6.3,12.8,0.76,425,3877.0
1967 Chevrolet Corvette Stingray 427,CLASSIC MUSCLE,150000.0,Autoshow,B,623.0,RWD,5.5,4.3,3.9,3.0,3.1,5.8,,4.1,,,435,3384.0
1969 Chevrolet Camaro Super Sport Coupe,CLASSIC MUSCLE,110000.0,Autoshow,C,585.0,RWD,5.0,4.2,3.8,2.9,3.1,5.8,,4.1,,,375,3527.0
1969 Chevrolet Nova Super Sport 396,CLASSIC MUSCLE,41000.0,Autoshow,C,545.0,RWD,5.4,3.9,3.5,2.9,2.4,5.3,,4.1,,,375,3470.0
1970 Chevrolet Camaro Z28,CLASSIC MUSCLE,53000.0,Autoshow,C,539.0,RWD,5.1,3.7,3.4,3.3,2.4,4.9,,4.1,,,360,3550.0
1970 Chevrolet Chevelle Super Sport 454,CLASSIC MUSCLE,80000.0,Autoshow,C,531.0,RWD,4.7,3.6,3.3,3.2,2.4,5.4,,4.1,,,450,3799.0
1970 Chevrolet Corvette ZR-1,CLASSIC MUSCLE,310000.0,Wheelspin,B,610.0,RWD,4.9,4.3,3.9,2.9,3.1,5.4,,4.1,,,370,3373.0
1970 Chevrolet El Camino Super Sport 454,VANS AND UTILITY,65000.0,Autoshow,C,544.0,RWD,5.9,3.6,3.2,3.1,2.4,5.5,,4.1,,,450,3820.0
1979 Chevrolet Camaro Z28,CLASSIC MUSCLE,35000.0,Autoshow,D,466.0,RWD,4.5,4.1,3.5,2.9,2.5,5.4,,4.1,,,175,3560.0
1988 Chevrolet Monte Carlo Super Sport,RETRO MUSCLE,25000.0,Autoshow,D,396.0,RWD,5.0,4.0,3.1,2.3,2.0,5.0,,4.1,,,180,3522.0
1995 Chevrolet Corvette ZR-1,RETRO MUSCLE,45000.0,Autoshow,B,693.0,RWD,6.5,5.2,4.8,4.0,3.7,4.5,,4.1,,,405,3505.0
1996 Chevrolet Impala Super Sport,RETRO MUSCLE,20000.0,Autoshow,C,509.0,RWD,5.0,4.3,3.6,2.6,2.7,5.2,139.1,6.5,17.9,0.83,260,4037.0
2002 Chevrolet Corvette Z06,RETRO MUSCLE,35000.0,Autoshow,A,722.0,RWD,7.2,5.8,4.6,4.5,3.9,4.5,,4.1,,,405,3120.0
2009 Chevrolet Corvette ZR1,MODERN MUSCLE,125000.0,Autoshow,S1,809.0,RWD,7.8,6.2,5.5,4.6,6.6,4.4,,4.1,,,638,3350.0
2015 Chevrolet Camaro Z/28,TRACK TOYS,86000.0,Autoshow,A,797.0,RWD,6.7,6.8,5.5,5.4,7.2,4.4,182.6,4.4,9.5,1.13,505,3837.0
2015 Chevrolet Corvette Z06,MODERN MUSCLE,110000.0,Autoshow,S1,852.0,RWD,7.8,7.0,6.0,6.5,7.7,4.4,213.9,3.3,7.5,1.16,650,3536.0
2017 Chevrolet Camaro ZL1,MODERN MUSCLE,60000.0,Autoshow,S1,821.0,RWD,7.3,7.2,6.1,4.9,5.6,4.8,,4.1,,,650,3883.0
2017 Chevrolet Colorado ZR2,PICK-UP & 4X4'S,46000.0,Autoshow,C,530.0,AWD,5.4,3.0,3.9,3.4,3.0,8.2,147.6,6.1,17.1,0.83,308,4734.0
2018 Chevrolet Camaro ZL1 1LE,TRACK TOYS,105000.0,Autoshow,S1,824.0,RWD,6.9,7.8,5.8,5.2,6.0,4.3,192.1,3.6,8.0,1.25,650,3837.0
2019 Chevrolet Corvette ZR1,TRACK TOYS,255000.0,Accolade,S1,871.0,RWD,7.8,7.7,6.5,7.0,7.9,4.0,214.2,3.0,6.1,1.25,755,3560.0
2020 Chevrolet Corvette Stingray Coupe,MODERN SUPERCARS,65000.0,Autoshow,S1,806.0,RWD,7.2,7.0,6.9,7.6,5.2,4.8,,4.1,,,495,3577.0
1970 Datsun 510,CULT CARS,25000.0,This info will be available soon,D,264.0,RWD,3.7,3.7,2.8,2.3,1.9,5.0,,4.1,,,96,2127.0
2013 Deberti Jeep Wrangler Unlimited,UNLIMITED OFFROAD,200000.0,Mastery Tree,A,749.0,AWD,4.7,4.0,6.3,4.8,4.4,9.3,132.4,3.6,8.5,0.92,707,4650.0
2018 Deberti Chevrolet Silverado 1500 Drift Truck,DRIFT CARS,300000.0,Autoshow,A,798.0,RWD,6.7,4.8,4.9,5.1,5.2,4.0,,4.1,,,"1,005",3500.0
2018 Deberti Ford F-150 Prerunner,UNLIMITED OFFROAD,250000.0,Autoshow,B,691.0,RWD,5.7,3.6,5.4,5.8,4.9,9.9,,4.1,,,800,7000.0
"2019 Deberti Toyota Tacoma TRD ""The Performance Truck""",DRIFT CARS,500000.0,Autoshow,S1,836.0,RWD,6.4,5.6,4.9,5.1,6.9,4.7,,4.1,,,900,3215.0
1982 DeLorean DMC-12,RETRO SPORTS CARS,15000.0,Season Event,D,464.0,RWD,4.3,4.9,2.8,2.3,3.1,6.0,,4.1,,,130,2844.0
1968 Dodge Dart Hemi Super Stock,CLASSIC MUSCLE,300000.0,Barn,B,650.0,RWD,4.5,3.6,4.1,4.2,2.9,4.9,,4.1,,,425,3020.0
1969 Dodge Charger Daytona HEMI,CLASSIC MUSCLE,900000.0,Mastery Tree,C,595.0,RWD,5.0,3.8,3.8,3.7,2.8,5.4,,4.1,,,425,3875.0
1969 Dodge Charger R/T,CLASSIC MUSCLE,103000.0,Autoshow,C,548.0,RWD,5.1,3.8,3.6,3.5,2.4,5.1,140.4,6.0,16.0,0.78,425,3671.0
1969 Dodge Charger R/T Forza Edition,TRACK TOYS,70000.0,Other,S1,900.0,RWD,6.6,7.9,7.1,7.3,7.3,3.9,,4.1,,,725,3395.0
1970 Dodge Challenger R/T,CLASSIC MUSCLE,210000.0,Autoshow,C,551.0,RWD,5.5,3.8,3.4,3.3,2.5,5.0,149.7,6.3,12.3,0.79,425,3800.0
1999 Dodge Viper GTS ACR,RETRO MUSCLE,75000.0,Barn,A,717.0,RWD,6.9,5.5,5.2,4.1,4.0,4.5,,4.1,,,460,3450.0
2008 Dodge Viper SRT10 ACR,TRACK TOYS,90000.0,Autoshow,S1,844.0,RWD,7.2,7.9,5.6,4.7,7.5,4.8,196.5,3.4,8.0,1.21,600,3408.0
2013 Dodge SRT Viper GTS,MODERN MUSCLE,95000.0,Autoshow,S1,813.0,RWD,7.6,6.1,5.5,4.6,5.8,4.7,,4.1,,,640,3296.0
2015 Dodge Challenger SRT Hellcat,MODERN MUSCLE,75000.0,Autoshow,A,755.0,RWD,7.7,5.4,4.5,4.6,4.9,4.2,,4.1,,,707,4438.0
2015 Dodge Charger SRT Hellcat,MODERN MUSCLE,80000.0,Autoshow,A,762.0,RWD,7.8,5.3,4.7,4.9,5.0,4.7,,4.1,,,707,4575.0
2016 Dodge Viper ACR,TRACK TOYS,150000.0,Autoshow,S1,873.0,RWD,6.7,8.6,6.2,5.3,9.4,4.4,,4.1,,,645,3368.0
2018 Dodge Challenger SRT Demon,MODERN MUSCLE,150000.0,Autoshow,A,786.0,RWD,7.8,5.5,4.8,5.0,5.3,4.6,207.6,2.3,6.0,0.99,840,4248.0
2018 Dodge Durango SRT,SPORTS UTILITY HEROES,70000.0,Autoshow,B,666.0,AWD,6.3,3.8,5.8,5.6,3.7,6.7,,4.1,,,475,5510.0
2013 Donkervoort D8 GTO,TRACK TOYS,250000.0,Season Event,S1,814.0,RWD,6.2,6.1,5.7,6.1,5.7,3.8,,4.1,,,375,1532.0
2018 Exomotive Exocet Off-Road,UNLIMITED BUGGIES,50000.0,Autoshow,B,682.0,RWD,4.5,4.8,5.3,5.7,5.2,8.6,,4.1,,,252,1571.0
2018 Exomotive Exocet Off-Road Forza Edition,RALLY MONSTERS,500000.0,Wheelspin,A,800.0,AWD,4.5,5.6,9.4,10.0,7.3,7.6,126.8,4.0,9.5,1.22,300,1499.0
1957 Ferrari 250 California,RARE CLASSICS,18500000.0,Autoshow,C,564.0,RWD,5.4,4.0,3.4,2.3,2.8,5.7,149.2,6.5,14.7,0.8,262,2315.0
1957 Ferrari 250 Testa Rossa,CLASSIC RACERS,16400000.0,Autoshow,B,691.0,RWD,6.3,4.4,4.5,4.2,2.9,4.5,,4.1,,,300,2028.0
1962 Ferrari 250 GTO,CLASSIC RACERS,50000000.0,Barn,B,612.0,RWD,6.4,3.9,3.5,2.5,2.8,5.2,,4.1,,,300,2299.0
1967 Ferrari #24 Ferrari Spa 330 P4,CLASSIC RACERS,9000000.0,Wheelspin,A,780.0,RWD,7.2,5.1,6.3,5.9,4.2,4.4,,4.1,,,450,2271.0
1968 Ferrari 365 GTB/4,RARE CLASSICS,600000.0,Autoshow,B,637.0,RWD,7.0,4.4,4.4,3.1,3.0,5.4,189.5,5.9,12.0,0.81,405,3600.0
1969 Ferrari Dino 246 GT,RARE CLASSICS,425000.0,Wheelspin,C,535.0,RWD,5.2,4.9,3.2,2.0,2.8,5.4,144.5,7.9,21.5,0.83,195,2380.0
1984 Ferrari 288 GTO,RETRO SUPERCARS,3500000.0,Autoshow,A,750.0,RWD,7.4,5.6,5.6,3.1,4.2,4.7,202.9,5.0,11.0,1.08,395,2822.0
1987 Ferrari F40,RETRO SUPERCARS,1200000.0,Autoshow,A,784.0,RWD,7.3,6.5,6.3,2.6,5.3,5.0,,4.1,,,478,2980.0
1989 Ferrari F40 Competizionne,EXTREME TRACK TOYS,2000000.0,Barn,S2,947.0,RWD,8.3,10.0,6.6,1.7,8.5,4.4,,4.1,,,691,2315.0
1994 Ferrari F355 Berlinetta,RETRO SUPERCARS,190000.0,Autoshow,A,717.0,RWD,6.8,6.1,4.5,3.6,4.3,4.9,,4.1,,,375,3196.0
1995 Ferrari F50,RETRO SUPERCARS,2000000.0,Autoshow,A,789.0,RWD,7.3,6.5,5.7,5.0,5.6,4.8,,4.1,,,513,2976.0
1996 Ferrari F50 GT,EXTREME TRACK TOYS,2000000.0,Autoshow,S2,976.0,RWD,8.1,10.0,7.0,7.1,10.0,4.1,,4.1,,,750,2002.0
2002 Ferrari 575M Maranello,RETRO SUPERCARS,250000.0,Season Event,A,747.0,RWD,7.5,5.6,5.6,5.7,4.4,4.9,205.3,4.2,9.6,1.05,508,3814.0
2002 Ferrari Enzo Ferrari,RETRO SUPERCARS,2800000.0,Autoshow,S1,857.0,RWD,8.1,7.5,6.4,6.9,8.3,4.7,,4.1,,,650,3263.0
2003 Ferrari 360 Challenge Stradale,RETRO SUPERCARS,200000.0,Wheelspin,A,773.0,RWD,7.0,6.8,6.1,5.6,6.6,4.7,,4.1,,,409,2844.0
2005 Ferrari FXX,EXTREME TRACK TOYS,2500000.0,Autoshow,S2,956.0,RWD,8.4,10.0,8.1,8.9,10.0,4.4,231.4,2.8,5.3,1.71,789,2731.0
2007 Ferrari 430 Scuderia,MODERN SUPERCARS,300000.0,Wheelspin,S1,810.0,RWD,7.6,6.9,6.2,6.4,6.9,4.3,,4.1,,,503,3150.0
2009 Ferrari 458 Italia,MODERN SUPERCARS,225000.0,Autoshow,S1,823.0,RWD,7.9,7.2,6.3,6.8,6.9,4.1,219.9,3.0,6.5,1.02,562,3274.0
2010 Ferrari 599 GTO,SUPER GT,350000.0,Season Event,S1,828.0,RWD,7.9,7.4,6.0,6.3,7.2,4.5,217.4,3.4,7.2,1.04,661,3538.0
2012 Ferrari 599XX Evolution,EXTREME TRACK TOYS,2600000.0,Autoshow,S2,952.0,RWD,8.0,9.8,7.3,7.9,10.0,3.8,,4.1,,,740,3038.0
2013 Ferrari 458 Speciale,TRACK TOYS,340000.0,Wheelspin,S1,865.0,RWD,7.7,8.0,6.9,7.5,7.9,3.7,,4.1,,,597,3075.0
2013 Ferrari LaFerrari,HYPERCARS,1500000.0,Car Collection,S2,934.0,RWD,9.4,9.0,7.2,7.9,9.6,4.4,,4.1,,,963,3263.0
2014 Ferrari FXX K,EXTREME TRACK TOYS,2700000.0,Autoshow,S2,979.0,RWD,8.1,10.0,8.1,9.0,10.0,3.6,,4.1,,,"1,036",2831.0
2015 Ferrari 488 GTB,MODERN SUPERCARS,290000.0,Autoshow,S1,863.0,RWD,8.2,7.9,6.8,6.5,7.8,4.4,,4.1,,,660,3252.0
2015 Ferrari F12tdf,SUPER GT,500000.0,Autoshow,S1,884.0,RWD,8.8,7.6,6.5,7.0,8.4,4.8,,4.1,,,769,3351.0
2017 Ferrari 812 Superfast,SUPER GT,350000.0,Autoshow,S1,878.0,RWD,7.9,7.5,6.2,6.6,7.6,4.0,,4.1,,,788,3594.0
2017 Ferrari GTC4Lusso,SUPER GT,300000.0,Wheelspin,S1,816.0,AWD,7.5,6.8,6.9,6.7,6.6,5.1,,4.1,,,680,4233.0
2017 Ferrari J50,MODERN SUPERCARS,2500000.0,Autoshow,S1,857.0,RWD,8.4,7.5,6.8,7.4,7.3,4.3,233.3,2.8,5.6,1.13,681,3362.0
2018 Ferrari FXX-K Evo,EXTREME TRACK TOYS,0.0,Autoshow,S2,998.0,RWD,8.1,10.0,8.3,9.1,10.0,4.0,,4.1,,,"1,036",2800.0
2018 Ferrari Portofino,SUPER GT,215000.0,Autoshow,S1,814.0,RWD,7.8,6.5,6.3,6.8,6.8,4.7,,4.1,,,591,3669.0
2019 Ferrari 488 Pista,TRACK TOYS,320000.0,Autoshow,S1,889.0,RWD,7.6,8.2,7.0,7.6,8.4,4.2,210.5,2.3,4.9,1.27,711,3053.0
2019 Ferrari Monza SP2,SUPER GT,2000000.0,Autoshow,S1,867.0,RWD,8.6,7.3,6.1,6.6,7.1,3.7,237.3,3.0,5.5,1.13,799,3503.0
1932 Ford De Luxe Five-Window Coupe,RODS AND CUSTOMS,35000.0,Autoshow,D,126.0,RWD,3.2,3.9,1.9,2.8,1.8,4.8,,4.1,,,65,2398.0
1932 Ford De Luxe Five-Window Coupe Forza Edition,UNLIMITED BUGGIES,0.0,Other,A,800.0,,6.6,2.9,5.8,6.3,5.8,8.8,,4.1,,,603,2094.0
1940 Ford De Luxe Coupe,RODS AND CUSTOMS,44000.0,Autoshow,D,130.0,RWD,3.2,3.6,2.1,2.2,1.8,6.1,,4.1,,,85,2970.0
1956 Ford F-100,RODS AND CUSTOMS,36000.0,Barn,D,302.0,RWD,3.8,2.7,3.1,3.0,2.1,6.9,106.0,14.9,40.0,0.71,173,3325.0
1959 Ford Anglia 105E,CULT CARS,20000.0,Autoshow,D,100.0,RWD,2.6,4.1,1.6,2.6,2.0,6.1,,4.1,,,39,1676.0
1964 Ford GT40 Mk I,CLASSIC RACERS,11000000.0,Car Collection,A,754.0,RWD,6.9,5.2,4.6,3.7,4.0,4.8,,4.1,,,390,2222.0
1965 Ford Mustang GT Coupe,CLASSIC MUSCLE,46000.0,Autoshow,D,499.0,RWD,5.1,3.6,3.3,3.2,2.3,5.4,,4.1,,,271,2562.0
1965 Ford Transit,VANS AND UTILITY,25000.0,Autoshow,D,100.0,RWD,2.5,4.2,1.3,1.8,1.8,6.3,,4.1,,,73,3527.0
1966 Ford #2 GT40 Mk II,CLASSIC RACERS,11000000.0,Autoshow,A,771.0,RWD,7.5,5.0,4.3,3.5,3.8,4.7,,4.1,,,485,2682.0
1966 Ford Lotus Cortina,CLASSIC RACERS,50000.0,Autoshow,D,389.0,RWD,4.0,3.9,3.5,2.6,2.3,5.3,,4.1,,,115,2060.0
1967 Ford Racing Escort MK1,CLASSIC RALLY,500000.0,Barn,B,636.0,RWD,4.5,4.8,4.6,3.5,4.1,7.3,,4.1,,,200,2116.0
1968 Ford Mustang GT 2+2 Fastback,CLASSIC MUSCLE,50000.0,Barn,D,498.0,RWD,5.7,3.9,3.4,3.3,2.3,5.5,,4.1,,,325,3548.0
1969 Ford Mustang Boss 302,CLASSIC MUSCLE,230000.0,Autoshow,C,581.0,RWD,5.5,4.4,3.2,2.3,3.0,5.8,,4.1,,,290,3250.0
1970 Ford GT70,CLASSIC RALLY,150000.0,Autoshow,B,671.0,RWD,5.1,5.5,4.2,3.1,3.4,7.3,,4.1,,,200,1680.0
1971 Ford Mustang Mach 1 1971,CLASSIC MUSCLE,250000.0,This info will be available soon,C,546.0,RWD,4.8,3.8,3.4,3.2,2.5,5.2,,4.1,,,376,3710.0
1972 Ford Falcon XA GT-HO,CLASSIC MUSCLE,80000.0,Autoshow,B,624.0,RWD,6.3,4.2,4.0,3.3,2.9,5.4,,4.1,,,410,3461.0
1973 Ford Capri RS3100,CLASSIC SPORTS CARS,55000.0,Autoshow,D,497.0,RWD,4.8,4.1,3.8,3.3,2.5,5.2,130.5,7.3,20.8,0.81,148,2315.0
1973 Ford Escort RS1600,CLASSIC RALLY,73000.0,Autoshow,D,476.0,RWD,4.2,4.1,3.7,2.7,2.9,5.9,,4.1,,,113,1918.0
1975 Ford Bronco,PICK-UP & 4X4'S,38000.0,Autoshow,D,421.0,AWD,4.3,3.0,3.5,2.8,2.1,8.0,,4.1,,,205,3545.0
1977 Ford #5 Escort RS1800 MkII,CLASSIC RALLY,300000.0,Autoshow,B,662.0,RWD,4.4,4.5,5.0,5.3,3.8,7.0,,4.1,,,255,2161.0
1977 Ford Escort RS1800,CLASSIC RALLY,88000.0,Autoshow,D,477.0,RWD,4.2,4.2,3.6,3.0,2.8,6.0,,4.1,,,115,1986.0
1981 Ford Fiesta XR2,RETRO HOT HATCH,25000.0,Wheelspin,D,369.0,FWD,3.8,4.4,3.1,2.4,2.5,5.1,,4.1,,,84,1852.0
1985 Ford RS200 Evolution,RALLY MONSTERS,260000.0,Autoshow,S1,808.0,AWD,5.4,5.7,6.9,2.3,5.0,7.8,,4.1,,,506,2464.0
1986 Ford Escort RS Turbo,RETRO HOT HATCH,25000.0,Autoshow,C,516.0,FWD,4.5,4.2,3.8,3.7,2.8,4.9,,4.1,,,130,2154.0
1987 Ford Sierra Cosworth RS500,RETRO SALOONS,66000.0,Autoshow,B,604.0,RWD,5.6,4.8,4.3,3.3,3.4,4.8,,4.1,,,224,2734.0
1992 Ford Escort RS Cosworth,RETRO RALLY,66000.0,Autoshow,C,565.0,AWD,5.2,4.8,4.3,2.8,3.1,5.2,142.9,6.2,17.4,0.89,224,2811.0
1993 Ford SVT Cobra R,RETRO MUSCLE,28000.0,Autoshow,C,539.0,RWD,5.3,4.5,3.7,2.9,2.9,4.7,,4.1,,,235,3125.0
1994 Ford Supervan 3,TRACK TOYS,500000.0,Autoshow,S1,820.0,RWD,5.2,8.0,7.4,5.5,7.9,4.6,,4.1,,,295,1962.0
1999 Ford Racing Puma,RETRO RALLY,20000.0,Autoshow,C,514.0,FWD,4.9,4.6,3.5,2.7,3.3,5.0,,4.1,,,153,2588.0
1999 Ford Racing Puma Forza Edition,RALLY MONSTERS,500000.0,Other,S1,900.0,AWD,5.7,6.3,9.4,6.0,5.8,8.0,,4.1,,,506,2194.0
2000 Ford SVT Cobra R,RETRO MUSCLE,55000.0,Autoshow,B,648.0,RWD,6.7,5.0,4.0,4.0,3.4,4.5,,4.1,,,385,3589.0
2003 Ford Focus RS,HOT HATCH,30000.0,Autoshow,C,593.0,FWD,5.1,5.1,4.1,3.6,3.5,4.6,,4.1,,,212,2822.0
2005 Ford GT,RETRO SUPERCARS,300000.0,Wheelspin,A,786.0,RWD,7.7,6.6,4.7,3.3,5.3,5.1,,4.1,,,550,3390.0
2009 Ford Focus RS,SUPER HOT HATCH,25000.0,Autoshow,B,660.0,FWD,5.6,5.5,4.4,4.5,3.9,4.7,,4.1,,,300,3236.0
2010 Ford Crown Victoria Police Interceptor,RETRO MUSCLE,25000.0,Autoshow,D,462.0,RWD,5.2,4.1,3.1,1.9,2.5,5.6,,4.1,,,250,4057.0
2011 Ford F-150 SVT Raptor,PICK-UP & 4X4'S,42000.0,Autoshow,C,518.0,AWD,5.3,3.3,4.1,3.1,2.8,8.6,,4.1,,,411,6006.0
2011 Ford Transit SuperSportVan,VANS AND UTILITY,50000.0,Autoshow,D,347.0,RWD,4.5,4.0,2.7,3.1,2.3,5.4,,4.1,,,198,4493.0
2013 Ford Shelby GT500,MODERN MUSCLE,115000.0,Autoshow,A,756.0,RWD,7.4,5.2,4.7,4.6,4.3,4.9,,4.1,,,662,3898.0
2014 Ford #11 Rockstar F-150 Trophy Truck,UNLIMITED OFFROAD,500000.0,Autoshow,A,731.0,RWD,5.6,3.3,4.6,4.5,4.8,9.1,,4.1,,,850,6250.0
2014 Ford Ranger T6 Rally Raid,OFFROAD,250000.0,Autoshow,B,643.0,AWD,4.4,4.8,5.4,7.8,4.0,8.4,0.0,5.5,15.4,0.85,349,4354.0
2017 Ford #14 Rahal Letterman Lanigan Racing GRC Fiesta,RALLY MONSTERS,500000.0,Wheelspin,S1,860.0,AWD,5.0,5.6,9.2,10.0,5.9,7.6,0.0,2.8,5.9,1.17,600,2746.0
2017 Ford #25 'Brocky' Ultra4 Bronco RTR,UNLIMITED OFFROAD,500000.0,Autoshow,A,748.0,AWD,4.7,4.1,6.1,5.2,5.2,10.0,,4.1,,,600,4500.0
2017 Ford Focus RS,SUPER HOT HATCH,59000.0,Autoshow,A,702.0,AWD,6.2,6.0,5.8,3.7,4.2,5.5,,4.1,,,350,3446.0
2017 Ford GT,MODERN SUPERCARS,400000.0,Autoshow,S1,863.0,RWD,8.3,7.1,6.6,3.6,8.5,4.4,,4.1,,,630,3353.0
2017 Ford M-Sport Fiesta RS,RALLY MONSTERS,500000.0,Autoshow,S1,808.0,AWD,5.1,6.1,8.7,9.7,6.1,8.5,,4.1,,,375,2800.0
2018 Ford #25 Mustang RTR,DRIFT CARS,500000.0,Autoshow,S1,834.0,RWD,5.9,5.3,5.2,5.5,4.7,4.0,,4.1,,,"1,000",3100.0
2018 Ford #88 Mustang RTR,DRIFT CARS,500000.0,Autoshow,S1,834.0,RWD,5.9,5.3,5.2,5.5,4.7,4.1,,4.1,,,"1,000",3100.0
2019 Ford Ranger Raptor,PICK-UP & 4X4'S,58000.0,Wheelspin,D,451.0,AWD,4.5,3.3,2.7,4.9,3.1,8.6,,4.1,,,211,5141.0
2020 Ford #2069 Ford Performance Bronco R,OFFROAD,250000.0,Autoshow,C,544.0,AWD,4.2,4.1,3.2,5.2,4.8,10.0,,4.1,,,325,4475.0
1989 Formula Drift #98 BMW 325i,DRIFT CARS,300000.0,Autoshow,S1,813.0,RWD,6.9,5.1,5.0,5.2,4.2,4.1,,4.1,,,750,2800.0
1995 Formula Drift #34 Toyota Supra MKIV,DRIFT CARS,0.0,Autoshow,S1,845.0,RWD,7.7,5.6,5.2,3.7,5.6,4.2,,4.1,,,"1,035",2849.0
1997 Formula Drift #777 Nissan 240SX,DRIFT CARS,300000.0,Autoshow,S1,826.0,RWD,6.7,5.3,5.2,5.5,4.4,4.0,181.3,4.6,7.9,1.04,"1,251",3100.0
2006 Formula Drift #43 Dodge Viper SRT10,DRIFT CARS,300000.0,Autoshow,S1,826.0,RWD,7.3,5.4,5.3,5.6,4.9,3.7,,4.1,,,"1,350",2900.0
2007 Formula Drift #117 599 GTB Fiorano,DRIFT CARS,500000.0,Autoshow,S1,852.0,RWD,6.8,5.3,5.7,6.1,4.7,4.4,,4.1,,,917,3200.0
2009 Formula Drift #99 Mazda RX-8,DRIFT CARS,0.0,Autoshow,S1,829.0,RWD,6.7,5.4,4.7,3.2,4.5,4.0,,4.1,,,"1,000",2824.0
2013 Formula Drift #777 Chevrolet Corvette,DRIFT CARS,300000.0,Autoshow,S1,848.0,RWD,6.4,5.5,5.1,5.4,4.8,3.6,,4.1,,,"1,050",3000.0
2015 Formula Drift #13 Ford Mustang,DRIFT CARS,300000.0,Autoshow,S1,825.0,RWD,5.8,5.4,5.1,5.4,4.7,4.1,,4.1,,,986,3100.0
2016 Formula Drift #530 HSV Maloo GEN-F,DRIFT CARS,300000.0,Autoshow,S1,808.0,RWD,7.6,5.3,4.6,4.8,4.3,4.1,,4.1,,,"1,000",2899.0
2017 Formula Drift #357 Chevrolet Corvette,DRIFT CARS,0.0,Autoshow,S1,835.0,RWD,8.9,5.5,5.1,5.4,4.9,4.4,,4.1,,,825,2939.0
2018 Formula Drift #64 Nissan 370Z,DRIFT CARS,300000.0,Autoshow,S1,843.0,RWD,7.3,5.4,5.2,5.5,4.4,4.0,,4.1,,,"1,015",2866.0
2019 Formula Drift #411 Toyota Corolla Hatchback,DRIFT CARS,0.0,Autoshow,S1,840.0,RWD,7.0,5.2,5.0,5.2,5.5,4.2,,4.1,,,"1,185",3156.0
2020 Formula Drift #151 Toyota GR Supra,DRIFT CARS,0.0,Autoshow,S1,863.0,RWD,6.2,5.3,5.5,3.6,5.6,4.1,,4.1,,,"1,033",3156.0
2020 Formula Drift #91 BMW M2,DRIFT CARS,0.0,Autoshow,S1,839.0,RWD,6.7,5.3,5.2,5.6,5.0,3.9,,4.1,,,822,2849.0
2018 Funco Motorsports F9,UNLIMITED BUGGIES,500000.0,Wheelspin,S1,821.0,RWD,5.2,2.9,7.6,8.5,5.1,8.8,139.2,3.5,5.7,0.93,"1,750",2800.0
1984 Honda Civic CRX Mugen,RETRO HOT HATCH,40000.0,Season Event,D,499.0,FWD,4.8,4.7,3.0,1.8,2.6,4.6,,4.1,,,120,1819.0
1992 Honda NSX-R,RETRO SPORTS CARS,90000.0,Autoshow,B,691.0,RWD,6.2,6.1,4.9,3.8,4.3,4.6,,4.1,,,276,2712.0
1997 Honda Civic Type R,RETRO HOT HATCH,25000.0,Autoshow,C,553.0,FWD,5.5,4.8,3.7,3.0,3.0,4.7,,4.1,,,182,2403.0
2003 Honda S2000,MODERN SPORTS CARS,25000.0,Autoshow,B,630.0,RWD,6.0,5.4,4.2,3.7,3.3,5.0,,4.1,,,247,2756.0
2004 Honda Civic Type R,RETRO HOT HATCH,25000.0,Autoshow,C,600.0,FWD,5.4,5.0,4.1,3.7,3.5,5.1,,4.1,,,212,2624.0
2005 Honda NSX-R,RETRO SPORTS CARS,150000.0,Autoshow,B,691.0,RWD,6.4,5.8,5.0,3.8,4.7,4.9,,4.1,,,290,2800.0
2005 Honda NSX-R GT,RETRO SPORTS CARS,500000.0,Season Event,A,725.0,RWD,6.4,6.7,5.6,4.4,5.6,4.5,,4.1,,,276,2800.0
2007 Honda Civic Type R,HOT HATCH,20000.0,Autoshow,C,574.0,FWD,5.3,5.4,4.0,3.2,3.7,5.2,,4.1,,,198,2965.0
2009 Honda S2000 CR,MODERN SPORTS CARS,25000.0,Autoshow,B,635.0,RWD,5.7,5.7,4.6,3.7,3.7,5.0,,4.1,,,237,2813.0
2016 Honda Civic Coupe,RALLY MONSTERS,155000.0,Season Event,S1,861.0,AWD,5.0,5.6,9.2,8.4,5.8,7.3,,4.1,,,600,2746.0
2016 Honda Civic Type R,SUPER HOT HATCH,38000.0,Autoshow,B,699.0,FWD,6.5,6.0,4.7,4.8,4.3,4.6,,4.1,,,306,3047.0
2018 Honda Civic Type R,SUPER HOT HATCH,59000.0,Autoshow,A,727.0,FWD,6.8,6.0,4.6,4.8,4.6,4.6,,4.1,,,306,3117.0
1955 Hoonigan Chevrolet Bel Air,RODS AND CUSTOMS,76000.0,Autoshow,B,621.0,RWD,5.7,3.8,4.1,3.1,3.0,6.4,157.8,6.2,13.1,0.82,410,3244.0
"1965 Hoonigan Ford ""Hoonicorn"" Mustang",DRIFT CARS,500000.0,Autoshow,S2,951.0,AWD,9.2,6.7,10.0,7.4,5.9,5.5,,4.1,,,"1,400",2998.0
1965 Hoonigan GYMKHANA 10 Ford Hoonicorn Mustang,DRIFT CARS,500000.0,Season Event,S2,952.0,AWD,8.8,6.6,10.0,7.7,5.9,5.4,,4.1,,,"1,400",2998.0
1972 Hoonigan Chevrolet Napalm Nova,CLASSIC MUSCLE,50000.0,Autoshow,A,731.0,RWD,6.7,5.2,5.0,5.3,4.7,5.0,185.4,4.1,9.7,0.95,475,3566.0
"1977 Hoonigan GYMKHANA 10 Ford F-150 ""Hoonitruck""",DRIFT CARS,500000.0,Autoshow,S1,896.0,AWD,6.2,6.5,7.9,8.7,6.7,5.7,,4.1,,,914,3210.0
1978 Hoonigan Ford Escort RS1800,RALLY MONSTERS,300000.0,Autoshow,S1,820.0,RWD,6.2,6.7,5.7,6.1,6.3,4.2,171.5,4.3,10.1,1.15,333,1846.0
1986 Hoonigan Ford RS200 Evolution,RALLY MONSTERS,500000.0,Autoshow,S2,904.0,AWD,7.6,6.5,9.5,5.1,5.3,8.3,0.0,2.6,4.9,1.22,750,2494.0
1991 Hoonigan GYMKHANA 10 Ford Escort Cosworth Group A,RALLY MONSTERS,500000.0,Autoshow,S1,862.0,AWD,7.8,6.2,9.1,8.7,5.3,7.6,213.8,2.5,5.2,1.14,620,2690.0
1991 Hoonigan Rauh-Welt Begriff Porsche 911 Turbo,RETRO SUPERCARS,160000.0,Mastery Tree,S1,811.0,RWD,6.7,7.7,7.2,4.1,5.3,4.0,187.3,4.1,9.8,1.23,385,2976.0
1992 Hoonigan Mazda RX-7 Twerkstallion,DRIFT CARS,50000.0,Mastery Tree,A,799.0,RWD,8.3,5.8,4.6,4.7,4.5,3.8,,4.1,,,600,2866.0
1994 Hoonigan Ford Escort RS Cosworth WRC “Cossie V2”,RALLY MONSTERS,500000.0,Autoshow,A,783.0,AWD,5.5,6.1,7.7,4.0,5.9,7.4,153.2,3.1,7.7,1.1,371,2822.0
2016 Hoonigan GYMKHANA 10 Ford Focus RS RX,RALLY MONSTERS,500000.0,Wheelspin,S1,862.0,AWD,5.1,5.7,9.2,10.0,6.4,7.2,142.6,1.9,5.0,1.18,620,2690.0
1969 Hot Wheels Twin Mill,RODS AND CUSTOMS,110000.0,Wheelspin,A,798.0,RWD,8.6,5.2,4.9,5.2,4.5,3.8,,4.1,,,"1,401",4696.0
2011 Hot Wheels Bone Shaker,RODS AND CUSTOMS,150000.0,Autoshow,A,790.0,RWD,6.0,5.2,5.7,6.2,4.9,4.2,165.8,4.0,9.0,1.11,402,2205.0
2014 HSV GEN-F GTS,MODERN MUSCLE,75000.0,Autoshow,A,721.0,RWD,7.0,5.5,4.8,4.0,4.5,4.8,,4.1,,,577,4147.0
2014 HSV Limited Edition GEN-F GTS Maloo,VANS AND UTILITY,62000.0,Autoshow,A,742.0,RWD,6.5,5.5,4.8,4.6,4.8,4.4,,4.1,,,577,4034.0
2006 HUMMER H1 Alpha,PICK-UP & 4X4'S,112000.0,Autoshow,D,354.0,AWD,4.2,2.9,2.0,2.5,2.4,8.6,,4.1,,,300,8114.0
2019 Hyundai Veloster N,SUPER HOT HATCH,30000.0,Wheelspin,B,645.0,FWD,6.0,5.4,4.5,4.7,3.7,5.0,,4.1,,,275,3106.0
2015 Infiniti Q60 Concept,SUPER SALOONS,50000.0,Autoshow,A,735.0,RWD,6.8,5.6,4.8,5.0,4.7,4.6,,4.1,,,400,3650.0
1970 International Scout 800A,PICK-UP & 4X4'S,40000.0,Autoshow,D,384.0,AWD,4.1,3.0,2.7,3.6,2.1,7.8,116.0,15.3,37.8,0.75,193,3615.0
2018 ItalDesign ZeroUno,HYPERCARS,2400000.0,Season Event,S1,869.0,AWD,7.6,7.7,9.2,8.9,8.0,4.9,210.9,2.8,6.2,1.24,602,3362.0
1956 Jaguar D-Type,CLASSIC RACERS,22000000.0,Autoshow,B,630.0,RWD,5.6,3.8,3.8,2.6,2.8,4.4,,4.1,,,245,2100.0
1959 Jaguar Mk II 3.8,CLASSIC RACERS,80000.0,Autoshow,D,448.0,RWD,4.6,4.1,3.5,2.8,2.8,5.5,,4.1,,,220,3360.0
1961 Jaguar E-type,RARE CLASSICS,150000.0,Autoshow,C,525.0,RWD,5.2,4.2,4.0,2.8,2.7,5.2,144.3,7.4,19.0,0.79,265,2900.0
1964 Jaguar Lightweight E-Type,CLASSIC RACERS,7500000.0,Autoshow,B,688.0,RWD,6.3,4.4,4.7,4.4,3.4,4.6,,4.1,,,340,2292.0
1966 Jaguar XJ13,CLASSIC RACERS,0.0,Autoshow,A,779.0,RWD,7.6,4.9,5.1,4.4,4.0,4.2,,4.1,,,502,2557.0
1991 Jaguar Sport XJR-15,RETRO SUPERCARS,500000.0,Barn,S1,828.0,RWD,7.5,8.0,6.0,6.3,6.8,4.7,,4.1,,,450,2315.0
1993 Jaguar XJ220,RETRO SUPERCARS,350000.0,Wheelspin,A,786.0,RWD,7.7,6.4,5.2,2.2,5.2,4.8,,4.1,,,542,3241.0
1993 Jaguar XJ220S TWR,RETRO SUPERCARS,0.0,Autoshow,S1,848.0,RWD,8.2,6.8,6.4,2.7,6.0,4.6,,4.1,,,680,2379.0
2010 Jaguar C-X75,MODERN SUPERCARS,1500000.0,Autoshow,S1,880.0,AWD,8.1,7.8,9.4,10.0,8.0,4.1,,4.1,,,890,3750.0
2012 Jaguar XKR-S,GT CARS,100000.0,Autoshow,A,756.0,RWD,7.5,6.1,4.9,5.1,4.3,4.4,,4.1,,,542,3865.0
2015 Jaguar F-Type R Coupé,GT CARS,110000.0,Wheelspin,A,777.0,RWD,7.5,5.9,5.2,5.4,6.0,4.2,,4.1,,,550,3638.0
2015 Jaguar XE-S,SUPER SALOONS,57000.0,Autoshow,B,671.0,RWD,6.8,5.5,4.7,4.8,3.7,4.9,,4.1,,,340,3787.0
2015 Jaguar XFR-S,SUPER SALOONS,110000.0,Autoshow,A,728.0,RWD,7.5,5.7,5.0,5.2,4.2,4.6,204.6,3.9,9.1,0.94,550,4380.0
2015 Jaguar XKR-S,TRACK TOYS,250000.0,Season Event,A,778.0,RWD,7.2,6.0,5.2,5.4,6.4,4.5,,4.1,,,542,3977.0
2016 Jaguar F-TYPE Project 7,TRACK TOYS,190000.0,Wheelspin,A,786.0,RWD,7.0,6.3,5.1,5.4,6.5,4.3,,4.1,,,567,3571.0
2017 Jaguar F-PACE S,SPORTS UTILITY HEROES,55000.0,Autoshow,B,674.0,AWD,6.0,5.0,5.4,4.8,3.8,6.5,164.1,5.1,13.1,0.92,380,4015.0
2018 Jaguar I-PACE,SPORTS UTILITY HEROES,87000.0,Autoshow,A,705.0,AWD,4.5,4.9,4.5,4.7,3.7,5.8,,4.1,,,394,4868.0
1976 Jeep CJ5 Renegade,PICK-UP & 4X4'S,60000.0,Autoshow,D,431.0,AWD,3.7,3.0,4.3,5.3,2.6,7.6,104.3,7.3,23.0,0.79,151,2271.0
2012 Jeep Wrangler Rubicon,PICK-UP & 4X4'S,50000.0,Autoshow,D,463.0,AWD,4.6,3.1,4.0,3.2,2.4,8.0,127.1,6.7,20.6,0.78,285,4132.0
2014 Jeep Grand Cherokee SRT,SPORTS UTILITY HEROES,80000.0,Autoshow,B,680.0,AWD,6.0,4.1,6.0,5.8,4.0,6.7,,4.1,,,470,5150.0
2016 Jeep Trailcat,UNLIMITED OFFROAD,75000.0,Autoshow,A,744.0,AWD,6.2,3.9,5.5,4.1,4.0,10.0,,4.1,,,707,4600.0
2018 Jeep Grand Cherokee Trackhawk,SPORTS UTILITY HEROES,73000.0,Autoshow,A,749.0,AWD,6.9,5.1,8.5,7.8,4.9,5.6,,4.1,,,707,5350.0
2020 Jeep Gladiator Rubicon,PICK-UP & 4X4'S,45000.0,Autoshow,D,456.0,AWD,4.8,3.0,3.6,3.2,2.5,8.4,,4.1,,,285,5073.0
2002 Koenigsegg CC8S,HYPERCARS,400000.0,Autoshow,S1,846.0,RWD,8.7,7.6,6.1,3.8,6.4,4.7,239.1,3.5,7.1,1.09,564,2811.0
2008 Koenigsegg CCGT,EXTREME TRACK TOYS,1000000.0,Wheelspin,S2,965.0,RWD,7.8,10.0,6.8,7.1,10.0,3.9,213.9,3.3,5.9,1.77,610,2425.0
2015 Koenigsegg One:1,HYPERCARS,2800000.0,Autoshow,S2,983.0,RWD,10.0,9.5,7.0,7.5,10.0,4.3,,4.1,,,"1,341",2998.0
2016 Koenigsegg Regera,HYPERCARS,1900000.0,Autoshow,S2,966.0,RWD,9.1,7.9,5.8,6.2,9.2,4.2,247.4,2.8,5.1,1.3,"1,500",3589.0
2017 Koenigsegg Agera RS,HYPERCARS,2000000.0,Autoshow,S2,980.0,RWD,10.0,9.7,7.0,7.6,9.7,4.3,275.4,2.8,4.7,1.33,"1,341",3075.0
2020 Koenigsegg Jesko,HYPERCARS,2800000.0,Autoshow,S2,971.0,RWD,10.0,10.0,6.9,7.4,9.0,4.4,,4.1,,,"1,280",3131.0
2013 KTM X-Bow R,TRACK TOYS,105000.0,Autoshow,S1,802.0,RWD,5.2,8.0,6.8,7.4,7.8,3.9,,4.1,,,295,1786.0
1967 Lamborghini Miura P400,RARE CLASSICS,1000000.0,Autoshow,B,625.0,RWD,5.9,4.9,3.8,2.7,3.1,5.1,,4.1,,,350,2745.0
1973 Lamborghini Espada 400 GT,RETRO SUPERCARS,110000.0,Autoshow,C,597.0,RWD,5.8,4.7,4.1,3.1,3.0,5.1,159.4,6.5,15.1,0.85,350,3605.0
1986 Lamborghini LM 002,PICK-UP & 4X4'S,180000.0,Autoshow,C,562.0,AWD,5.3,3.3,2.9,1.8,3.2,8.7,142.1,6.7,20.6,0.83,450,5952.0
1988 Lamborghini Countach LP5000 QV,RETRO SUPERCARS,220000.0,Autoshow,A,735.0,RWD,6.8,6.2,4.7,3.6,4.3,4.8,186.2,4.9,11.9,1.1,455,3284.0
1997 Lamborghini Diablo SV,RETRO SUPERCARS,174000.0,Autoshow,A,763.0,RWD,7.7,6.2,5.2,4.2,4.9,4.6,,4.1,,,530,3474.0
1999 Lamborghini Diablo GTR,EXTREME TRACK TOYS,1000000.0,Mastery Tree,S1,881.0,RWD,7.8,9.0,6.8,5.9,7.8,4.1,,4.1,,,590,3086.0
2008 Lamborghini Reventón,MODERN SUPERCARS,1375000.0,Car Collection,S1,817.0,AWD,7.8,7.0,5.2,4.4,7.1,5.1,218.9,3.4,7.8,1.1,641,4015.0
2010 Lamborghini Murciélago LP 670-4 SV,MODERN SUPERCARS,500000.0,Autoshow,S1,818.0,AWD,7.8,7.2,5.2,4.5,6.9,5.0,,4.1,,,661,3794.0
2011 Lamborghini Gallardo LP 570-4 Superleggera,MODERN SUPERCARS,280000.0,Accolade,S1,814.0,AWD,7.5,7.1,7.4,6.9,5.3,5.0,,4.1,,,562,3298.0
2011 Lamborghini Sesto Elemento,EXTREME TRACK TOYS,2500000.0,Autoshow,S2,936.0,AWD,7.8,10.0,10.0,10.0,10.0,4.6,214.7,2.5,5.2,1.69,571,2202.0
2011 Lamborghini Sesto Elemento Forza Edition,EXTREME TRACK TOYS,2750000.0,Wheelspin,S2,998.0,AWD,8.4,10.0,10.0,10.0,10.0,5.1,,4.1,,,638,2039.0
2012 Lamborghini Aventador J,HYPERCARS,2700000.0,Season Event,S1,839.0,AWD,7.9,7.1,7.7,7.0,7.1,5.1,216.1,2.8,6.1,1.14,700,3816.0
2012 Lamborghini Aventador LP700-4,HYPERCARS,380000.0,Autoshow,S1,847.0,AWD,8.9,7.1,8.2,7.4,7.3,5.0,245.9,2.8,6.5,1.13,700,3816.0
2012 Lamborghini Gallardo LP 570-4 Spyder Performante,MODERN SUPERCARS,280000.0,Season Event,A,797.0,AWD,7.1,6.8,6.7,6.3,6.6,5.1,195.9,3.9,7.8,1.0,562,3618.0
2013 Lamborghini Veneno,HYPERCARS,3000000.0,Autoshow,S2,910.0,AWD,8.2,9.4,8.8,8.1,9.7,4.6,224.1,2.7,5.8,1.66,740,3629.0
2014 Lamborghini Huracán LP 610-4,MODERN SUPERCARS,240000.0,Autoshow,S1,838.0,AWD,7.8,7.1,7.8,7.4,7.1,5.0,,4.1,,,602,3422.0
2016 Lamborghini Aventador Superveloce,HYPERCARS,480000.0,Autoshow,S1,872.0,AWD,8.5,7.9,8.7,8.0,8.1,5.0,237.2,2.7,5.9,1.26,740,3706.0
2016 Lamborghini Centenario LP 770-4,HYPERCARS,2300000.0,Autoshow,S1,884.0,AWD,8.3,8.7,8.7,8.0,8.9,4.6,228.6,2.8,5.4,1.28,759,3693.0
2018 Lamborghini Aventador SVJ,HYPERCARS,500000.0,Season Event,S1,889.0,AWD,8.0,8.6,8.3,7.6,8.2,4.7,222.7,2.8,5.8,1.28,759,3607.0
2018 Lamborghini Huracán Performante,TRACK TOYS,275000.0,Autoshow,S1,874.0,AWD,7.6,8.2,9.8,10.0,7.9,4.7,,4.1,,,630,3333.0
2019 Lamborghini Urus,SPORTS UTILITY HEROES,150000.0,Autoshow,A,767.0,AWD,7.1,5.6,6.1,5.1,6.2,6.1,,4.1,,,641,4850.0
2020 Lamborghini Huracán EVO,MODERN SUPERCARS,340000.0,Autoshow,S1,851.0,AWD,7.3,7.7,9.3,10.0,7.4,4.6,203.4,6.4,3.1,1.13,630,3422.0
1972 Land Rover Series III,PICK-UP & 4X4'S,20000.0,Autoshow,D,100.0,AWD,2.6,3.0,1.6,2.3,2.0,7.2,,4.1,,,69,3097.0
1973 Land Rover Range Rover,PICK-UP & 4X4'S,50000.0,Autoshow,D,274.0,AWD,3.3,3.1,2.3,3.5,2.5,7.8,94.9,13.9,,0.74,135,3800.0
1997 Land Rover Defender 90,PICK-UP & 4X4'S,30000.0,Autoshow,D,366.0,AWD,3.8,3.2,2.7,1.8,2.5,8.2,,4.1,,,182,3902.0
2015 Land Rover Range Rover Sport SVR,SPORTS UTILITY HEROES,133000.0,Autoshow,A,722.0,AWD,6.5,4.0,6.0,6.2,4.1,7.2,178.2,4.3,10.5,0.92,550,5148.0
2018 Land Rover Range Rover Velar First Edition,SPORTS UTILITY HEROES,85000.0,Autoshow,B,638.0,AWD,6.0,4.1,4.4,4.1,3.7,6.9,,4.1,,,375,4676.0
2020 Land Rover Defender 110 X,SPORTS UTILITY HEROES,80000.0,Autoshow,C,534.0,AWD,5.4,3.1,4.7,6.0,2.9,7.2,,4.1,,,395,5260.0
1997 Lexus SC300,RETRO SPORTS CARS,25000.0,Autoshow,C,555.0,RWD,5.6,5.1,4.0,3.1,3.0,5.5,152.5,7.4,19.4,0.87,225,3560.0
2010 Lexus LFA,MODERN SUPERCARS,500000.0,Autoshow,S1,810.0,RWD,7.4,6.6,5.8,6.0,7.0,4.5,203.3,6.7,7.8,1.03,552,3263.0
2015 Lexus RC F,SUPER SALOONS,75000.0,Autoshow,A,741.0,RWD,6.7,5.9,5.0,5.2,5.2,4.8,,4.1,,,467,3957.0
2014 Local Motors Rally Fighter,UNLIMITED OFFROAD,100000.0,Autoshow,A,716.0,RWD,6.0,3.8,4.5,3.6,4.0,10.0,,4.1,,,430,3800.0
1969 Lola #6 Penske Sunoco T70 MkIIIB,CLASSIC RACERS,850000.0,Autoshow,S1,818.0,RWD,7.1,5.7,7.0,7.7,4.8,4.2,,4.1,,,460,1852.0
1971 Lotus Elan Sprint,CLASSIC SPORTS CARS,57000.0,Autoshow,D,443.0,RWD,4.6,4.0,3.5,2.5,2.4,4.9,126.8,8.4,26.5,0.81,126,1640.0
1997 Lotus Elise GT1,RETRO SUPERCARS,1800000.0,Autoshow,A,794.0,RWD,6.4,8.1,5.6,3.4,7.1,4.6,,4.1,,,350,2425.0
1999 Lotus Elise Series 1 Sport 190,RETRO SPORTS CARS,81000.0,Autoshow,A,711.0,RWD,5.3,6.0,5.8,4.8,5.1,4.8,,4.1,,,190,1477.0
2012 Lotus Exige S,MODERN SPORTS CARS,85000.0,Autoshow,A,754.0,RWD,6.4,6.3,6.5,6.2,5.4,4.8,176.8,4.0,9.6,1.01,345,2593.0
2016 Lotus 3-Eleven,TRACK TOYS,150000.0,Autoshow,S1,839.0,RWD,6.5,7.7,7.5,7.8,7.1,4.6,181.9,3.3,7.0,1.17,410,2103.0
2020 Lotus Evija,HYPERCARS,2500000.0,Autoshow,S2,994.0,AWD,7.6,7.9,7.6,8.5,10.0,3.9,0.0,2.7,4.5,1.29,"1,973",3704.0
1939 Maserati 8CTF,VINTAGE RACERS,10000000.0,Season Event,B,657.0,RWD,6.7,3.9,3.8,3.2,2.9,4.0,178.6,4.5,9.9,0.87,360,1764.0
2008 Maserati MC12 Versione Corsa,EXTREME TRACK TOYS,2500000.0,Autoshow,S2,961.0,RWD,7.6,10.0,8.1,8.8,10.0,3.9,210.2,3.3,5.8,1.77,756,2646.0
2010 Maserati Gran Turismo S,GT CARS,156000.0,Autoshow,A,702.0,RWD,6.9,6.0,5.4,4.8,4.5,5.0,,4.1,,,432,4146.0
2010 Maserati Gran Turismo S Forza Edition,TRACK TOYS,500000.0,Wheelspin,S1,900.0,RWD,7.9,8.9,6.7,7.3,9.6,3.8,,4.1,,,603,3086.0
2017 Maserati Levante S,SPORTS UTILITY HEROES,85000.0,Autoshow,B,696.0,AWD,6.6,5.0,5.1,2.4,4.3,6.4,,4.1,,,424,4649.0
1990 Mazda Savanna RX-7,RETRO SPORTS CARS,25000.0,Wheelspin,C,558.0,RWD,5.7,4.9,4.3,3.3,3.1,5.1,,4.1,,,200,2981.0
1994 Mazda MX-5 Miata,RETRO SPORTS CARS,25000.0,Autoshow,D,445.0,RWD,4.5,4.5,3.4,2.3,2.5,4.9,,4.1,,,128,2330.0
1997 Mazda RX-7,RETRO SPORTS CARS,35000.0,Autoshow,B,645.0,RWD,6.6,5.5,4.8,3.0,3.3,5.0,,4.1,,,261,2831.0
2002 Mazda RX-7 Spirit R Type-A,RETRO SPORTS CARS,30000.0,Autoshow,B,687.0,RWD,6.5,5.7,5.0,3.5,4.1,5.0,178.7,5.1,12.5,0.96,276,2800.0
2005 Mazda Mazdaspeed MX-5,RETRO SPORTS CARS,25000.0,Autoshow,C,587.0,RWD,5.1,5.5,3.4,3.8,3.5,4.6,,4.1,,,178,2529.0
2011 Mazda RX-8 R3,MODERN SPORTS CARS,27000.0,Autoshow,B,624.0,RWD,5.8,5.5,4.6,3.8,3.7,5.1,,4.1,,,232,3065.0
2013 Mazda MX-5,MODERN SPORTS CARS,26000.0,Autoshow,C,549.0,RWD,4.8,5.4,3.9,3.4,3.4,5.1,131.2,6.1,17.3,0.92,167,2593.0
2016 Mazda MX-5,MODERN SPORTS CARS,35000.0,Autoshow,B,620.0,RWD,5.4,5.6,4.6,4.7,3.7,5.1,,4.1,,,155,2310.0
1993 McLaren F1,RETRO SUPERCARS,15000000.0,Wheelspin,S1,817.0,RWD,8.8,6.6,6.3,5.8,5.4,4.5,243.3,3.4,7.7,1.14,627,2840.0
1997 McLaren F1 GT,RETRO SUPERCARS,15000000.0,Autoshow,S1,866.0,RWD,8.4,8.2,6.2,5.8,7.0,4.3,,4.1,,,618,2469.0
2013 McLaren P1,HYPERCARS,1350000.0,Autoshow,S2,928.0,RWD,9.1,8.4,6.9,7.5,9.5,4.3,253.0,2.9,5.2,1.29,903,3296.0
2015 McLaren 570S Coupé,MODERN SUPERCARS,224000.0,Autoshow,S1,824.0,RWD,7.3,6.9,6.3,4.4,7.1,4.4,,4.1,,,562,3201.0
2015 McLaren 650S Coupé,MODERN SUPERCARS,224000.0,Autoshow,S1,824.0,RWD,7.6,7.2,6.8,4.8,7.5,4.6,,4.1,,,562,3201.0
2018 McLaren 600LT Coupé,TRACK TOYS,260000.0,Autoshow,S1,868.0,RWD,7.4,7.7,6.7,5.3,7.8,4.3,,4.1,,,591,2989.0
2018 McLaren 720S Coupé,MODERN SUPERCARS,340000.0,Car Collection,S1,899.0,RWD,8.4,7.7,6.9,7.6,8.8,4.5,,4.1,,,710,3128.0
2018 McLaren Senna,HYPERCARS,1000000.0,Autoshow,S2,934.0,RWD,8.0,9.3,7.2,7.8,10.0,4.2,222.5,2.7,5.1,1.33,789,2886.0
2019 McLaren 720S Spider,MODERN SUPERCARS,340000.0,Autoshow,S1,887.0,RWD,7.5,7.4,6.9,7.5,8.9,4.4,,4.1,,,711,3236.0
2019 McLaren Speedtail,HYPERCARS,2250000.0,Autoshow,S2,910.0,RWD,9.6,7.4,6.8,7.4,7.4,3.7,,4.1,,,"1,036",3521.0
2020 McLaren GT,SUPER GT,210000.0,Autoshow,S1,823.0,RWD,7.4,6.5,6.6,4.3,5.3,4.6,,4.1,,,611,3384.0
2016 Mercedes-AMG C 63 S Coupé,SUPER SALOONS,90000.0,Autoshow,A,755.0,RWD,7.0,5.9,5.2,5.5,5.6,4.6,191.6,3.8,8.8,0.96,503,3968.0
2017 Mercedes-AMG GT R,SUPER GT,295000.0,Autoshow,S1,837.0,RWD,7.5,7.0,6.4,7.0,7.2,4.5,,4.1,,,577,3428.0
2018 Mercedes-AMG E 63 S,SUPER SALOONS,135000.0,Wheelspin,A,778.0,AWD,7.6,6.0,8.7,9.7,4.8,5.1,,4.1,,,603,4515.0
2018 Mercedes-AMG GT 4-Door Coupé,SUPER SALOONS,175000.0,Autoshow,A,768.0,AWD,8.0,5.8,8.4,9.4,4.5,5.2,,4.1,,,630,4508.0
2021 Mercedes-AMG Mercedes-AMG ONE,HYPERCARS,2700000.0,Autoshow,S2,927.0,AWD,7.7,8.9,7.5,3.2,10.0,4.7,213.1,2.8,6.9,1.37,877,3737.0
1929 Mercedes-Benz SSK,RARE CLASSICS,7500000.0,Autoshow,D,256.0,RWD,4.1,3.6,3.0,1.8,1.9,5.5,,4.1,,,200,3725.0
1939 Mercedes-Benz W154,VINTAGE RACERS,20000000.0,Car Collection,B,672.0,RWD,7.9,3.8,4.1,3.3,2.8,4.2,,4.1,,,483,2683.0
1954 Mercedes-Benz 300 SL Coupé,RARE CLASSICS,1200000.0,Autoshow,D,498.0,RWD,5.1,4.2,3.6,2.3,2.4,5.6,,4.1,,,241,2960.0
1987 Mercedes-Benz AMG Hammer Coupe,RETRO SALOONS,165000.0,Autoshow,B,681.0,RWD,7.2,5.5,4.2,3.0,3.8,4.7,,4.1,,,379,3640.0
1990 Mercedes-Benz 190E 2.5-16 Evolution II,RETRO SALOONS,150000.0,Autoshow,C,579.0,RWD,6.2,4.9,4.0,3.6,2.9,4.4,,4.1,,,235,2954.0
1998 Mercedes-Benz AMG CLK GTR,RETRO SUPERCARS,2000000.0,Autoshow,S1,829.0,RWD,7.5,7.6,6.1,5.1,6.5,4.2,,4.1,,,622,3175.0
1998 Mercedes-Benz AMG CLK GTR Forza Edition,EXTREME TRACK TOYS,2250000.0,Wheelspin,S2,998.0,RWD,7.8,10.0,8.2,9.0,10.0,3.7,,4.1,,,"1,000",2315.0
2011 Mercedes-Benz SLS AMG,SUPER GT,200000.0,Autoshow,S1,804.0,RWD,7.6,6.5,5.8,6.2,6.4,4.4,,4.1,,,571,3571.0
2012 Mercedes-Benz C 63 AMG Coupé Black Series,SUPER SALOONS,150000.0,Autoshow,A,768.0,RWD,7.6,6.1,5.1,5.3,4.9,4.6,,4.1,,,510,3854.0
2012 Mercedes-Benz SLK 55 AMG,MODERN SPORTS CARS,78000.0,Autoshow,A,740.0,RWD,7.3,5.9,5.4,5.7,4.5,4.8,198.2,4.5,10.4,0.95,415,3527.0
2013 Mercedes-Benz A 45 AMG,SUPER HOT HATCH,65000.0,Autoshow,A,707.0,AWD,6.7,6.2,6.6,4.5,4.4,5.1,183.9,4.3,10.6,0.93,355,3263.0
2013 Mercedes-Benz E 63 AMG,SUPER SALOONS,105000.0,Autoshow,A,751.0,AWD,7.7,6.0,7.0,7.8,4.5,5.2,,4.1,,,577,4277.0
2013 Mercedes-Benz G 65 AMG,PICK-UP & 4X4'S,350000.0,Autoshow,B,639.0,AWD,5.9,3.2,6.6,8.0,3.2,8.0,,4.1,,,603,5688.0
2014 Mercedes-Benz G 63 AMG 6x6,PICK-UP & 4X4'S,525000.0,Autoshow,B,606.0,AWD,5.6,3.6,4.0,6.6,4.1,9.3,154.5,7.8,21.4,0.9,536,9050.0
2014 Mercedes-Benz Unimog U5023,TRUCKS,100000.0,Autoshow,D,103.0,AWD,2.8,3.3,1.3,3.0,2.7,8.7,,4.1,,,228,15432.0
2015 Mercedes-Benz #24 Tankpool24 Racing Truck,TRUCKS,500000.0,Autoshow,A,702.0,RWD,5.1,5.6,5.4,5.8,5.0,5.0,,4.1,,,"1,080",12125.0
2015 Mercedes-Benz #24 Tankpool24 Racing Truck Forza Edition,UNLIMITED OFFROAD,750000.0,Wheelspin,A,800.0,AWD,6.1,3.3,8.8,10.0,5.3,9.7,,4.1,,,"1,743",3685.0
2018 Mercedes-Benz X-Class,PICK-UP & 4X4'S,65000.0,Autoshow,D,368.0,AWD,4.2,3.2,2.4,4.2,2.8,7.8,,4.1,,,188,4764.0
1970 Mercury Cyclone Spoiler,CLASSIC MUSCLE,0.0,Autoshow,D,491.0,RWD,5.8,3.6,3.1,2.8,2.2,4.9,,4.1,,,370,3947.0
1971 Meyers Manx,CULT CARS,35000.0,Wheelspin,D,291.0,RWD,3.1,4.3,2.9,5.3,2.6,5.9,,4.1,,,60,1235.0
1971 Meyers Manx Forza Edition,TRACK TOYS,500000.0,Wheelspin,A,800.0,RWD,5.2,6.8,8.2,9.3,7.7,3.8,,4.1,,,250,1102.0
1986 MG Metro 6R4,RALLY MONSTERS,125000.0,Wheelspin,S1,811.0,AWD,4.6,5.9,8.8,8.2,5.8,7.5,,4.1,,,410,2271.0
1965 Mini Cooper S,CLASSIC RALLY,30000.0,Autoshow,D,281.0,FWD,3.6,3.2,2.6,2.7,2.0,4.1,,4.1,,,75,1480.0
2009 Mini John Cooper Works,HOT HATCH,25000.0,Autoshow,C,598.0,FWD,5.4,5.0,4.1,4.1,3.8,4.7,,4.1,,,208,2701.0
2012 Mini John Cooper Works GP,HOT HATCH,38000.0,Autoshow,B,628.0,FWD,5.4,4.9,4.2,4.3,3.7,4.6,,4.1,,,215,2557.0
2013 Mini X-Raid ALL4 Racing Countryman,OFFROAD,250000.0,Wheelspin,B,632.0,AWD,3.3,4.7,5.2,8.4,4.1,8.1,,4.1,,,307,4299.0
2018 Mini John Cooper Works Countryman ALL4,SPORTS UTILITY HEROES,38500.0,Autoshow,C,537.0,AWD,5.1,5.0,3.8,5.3,3.0,5.7,,4.1,,,228,3653.0
2018 Mini X-Raid John Cooper Works Buggy,OFFROAD,250000.0,Autoshow,B,632.0,RWD,4.5,3.7,4.9,6.6,4.9,10.0,,4.1,,,340,4328.0
1988 Mitsubishi Starion ESI-R,RETRO SPORTS CARS,20000.0,Autoshow,C,549.0,RWD,5.2,5.0,4.2,3.5,2.9,5.3,,4.1,,,188,3087.0
1995 Mitsubishi Eclipse GSX,RETRO SPORTS CARS,25000.0,Autoshow,C,543.0,AWD,5.9,4.8,3.9,3.2,2.8,5.4,,4.1,,,210,3199.0
1997 Mitsubishi GTO,RETRO SPORTS CARS,20000.0,Autoshow,B,610.0,AWD,6.1,5.1,4.5,3.6,3.4,5.5,,4.1,,,320,3704.0
1999 Mitsubishi Lancer Evolution VI GSR,RETRO RALLY,28000.0,Autoshow,B,659.0,AWD,5.6,5.3,5.6,3.8,3.7,5.5,,4.1,,,280,2822.0
2004 Mitsubishi Lancer Evolution VIII MR,MODERN RALLY,31000.0,Autoshow,B,664.0,AWD,6.2,5.4,5.7,3.1,3.6,5.7,,4.1,,,305,3109.0
2006 Mitsubishi Lancer Evolution IX MR,MODERN RALLY,27000.0,Autoshow,B,632.0,AWD,5.9,5.4,4.7,2.4,3.6,5.6,,4.1,,,286,3285.0
2008 Mitsubishi Lancer Evolution X GSR,MODERN RALLY,43000.0,Autoshow,B,649.0,AWD,5.7,5.5,5.1,2.9,3.7,5.7,,4.1,,,305,3395.0
"2008 Mitsubishi Lancer Evolution X GSR ""Welcome Pack""",MODERN RALLY,43000.0,Autoshow,A,800.0,AWD,7.1,5.8,9.2,4.6,4.1,8.1,,4.1,,,583,3395.0
2014 Morgan 3 Wheeler,CULT CARS,50000.0,Autoshow,D,488.0,RWD,4.0,3.2,3.3,3.2,2.9,4.2,,4.1,,,82,1200.0
1953 Morris Minor 1000 Forza Edition,TRACK TOYS,500000.0,Wheelspin,A,800.0,RWD,4.9,6.4,5.9,6.3,6.4,2.9,,4.1,,,308,1433.0
1958 Morris Minor 1000,CULT CARS,20000.0,Autoshow,D,100.0,RWD,2.7,4.0,1.6,2.1,1.9,5.6,,4.1,,,37,1764.0
2010 Mosler MT900S,EXTREME TRACK TOYS,320000.0,Autoshow,S2,919.0,RWD,8.2,9.8,7.4,8.1,8.4,4.7,,4.1,,,530,2480.0
1933 Napier Napier-Railton,VINTAGE RACERS,1500000.0,Autoshow,B,603.0,RWD,6.5,4.1,3.7,3.6,3.1,4.4,,4.1,,,564,4518.0
1969 Nissan Fairlady Z 432,CLASSIC SPORTS CARS,150000.0,Car Collection,D,482.0,RWD,4.4,4.7,3.6,2.4,2.7,5.2,,4.1,,,160,2308.0
1971 Nissan Skyline 2000GT-R,CLASSIC SPORTS CARS,60000.0,Autoshow,D,493.0,RWD,4.7,4.4,3.6,2.5,2.6,5.0,132.2,7.0,20.0,0.79,160,2425.0
1973 Nissan Skyline H/T 2000GT-R,CLASSIC SPORTS CARS,170000.0,Autoshow,C,518.0,RWD,4.7,4.5,3.4,2.2,3.0,5.8,,4.1,,,158,2524.0
1987 Nissan Skyline GTS-R (HR31),RETRO SPORTS CARS,100000.0,Autoshow,C,543.0,RWD,5.7,4.7,4.0,2.5,2.7,4.9,,4.1,,,206,2965.0
1990 Nissan Pulsar GTI-R,RETRO RALLY,20000.0,Autoshow,C,594.0,AWD,5.4,4.8,5.5,3.4,2.9,5.1,,4.1,,,227,2734.0
1992 Nissan Silvia CLUB K's,RETRO SPORTS CARS,25000.0,Autoshow,C,537.0,RWD,5.5,4.7,3.8,3.5,2.7,4.8,,4.1,,,202,2535.0
1993 Nissan 240SX SE,RETRO SPORTS CARS,25000.0,Autoshow,D,445.0,RWD,5.1,4.6,3.3,2.5,2.5,5.3,137.5,8.4,25.0,0.82,155,2915.0
1993 Nissan Skyline GT-R V-Spec,RETRO SPORTS CARS,85000.0,Autoshow,B,626.0,AWD,5.8,5.7,4.5,2.7,3.6,5.3,,4.1,,,320,3307.0
1994 Nissan Fairlady Z Version S Twin Turbo,RETRO SPORTS CARS,20000.0,Autoshow,B,607.0,RWD,6.0,5.2,4.3,2.7,3.2,4.9,,4.1,,,276,3351.0
1994 Nissan Silvia K's,RETRO SPORTS CARS,25000.0,Autoshow,B,617.0,RWD,5.8,5.3,4.4,2.7,3.4,5.2,,4.1,,,217,2789.0
1995 Nissan NISMO GT-R LM,RETRO SPORTS CARS,1100000.0,Autoshow,B,658.0,RWD,5.9,6.6,4.5,3.0,4.0,4.0,162.4,5.6,13.9,0.97,300,3483.0
1997 Nissan Skyline GT-R V-Spec,RETRO SPORTS CARS,37000.0,Autoshow,B,635.0,AWD,6.1,5.7,4.8,2.5,3.7,5.4,,4.1,,,278,3393.0
1998 Nissan R390 (GT1),RETRO SUPERCARS,1250000.0,Autoshow,S1,859.0,RWD,7.1,7.8,6.3,2.5,7.1,3.5,,4.1,,,550,2264.0
1998 Nissan Silvia K's Aero,RETRO SPORTS CARS,25000.0,Autoshow,B,609.0,RWD,5.7,5.2,4.4,2.5,3.4,5.3,,4.1,,,217,2789.0
2000 Nissan Silvia Spec-R,RETRO SPORTS CARS,35000.0,Autoshow,B,632.0,RWD,5.9,5.4,4.6,2.6,3.7,5.4,,4.1,,,250,2734.0
2002 Nissan Skyline GT-R V-Spec II,RETRO SPORTS CARS,63000.0,Autoshow,B,657.0,AWD,6.1,5.6,4.9,2.6,3.6,5.4,,4.1,,,327,3439.0
2003 Nissan Fairlady Z,RETRO SPORTS CARS,35000.0,Autoshow,B,650.0,RWD,6.5,5.5,4.6,4.0,3.5,4.8,,4.1,,,287,3310.0
2003 Nissan Fairlady Z Forza Edition,UNLIMITED OFFROAD,500000.0,Wheelspin,A,800.0,RWD,5.0,3.0,5.4,5.5,6.4,8.3,,4.1,,,542,2756.0
2004 Nissan Pickup #23 Rally Raid,UNLIMITED OFFROAD,500000.0,Autoshow,C,577.0,AWD,4.4,5.5,3.1,4.5,4.8,9.9,,4.1,,,268,4740.0
2010 Nissan 370Z,MODERN SPORTS CARS,40000.0,Autoshow,B,688.0,RWD,6.6,5.7,4.8,4.6,3.9,4.8,,4.1,,,332,3267.0
2012 Nissan GT-R Black Edition (R35),MODERN SUPERCARS,105000.0,Autoshow,S1,810.0,AWD,7.6,6.7,8.5,8.1,5.3,5.0,212.1,2.8,7.0,1.07,542,3887.0
2016 Nissan Titan Warrior Concept,PICK-UP & 4X4'S,50000.0,Autoshow,D,486.0,AWD,4.7,3.6,3.2,3.6,3.2,8.9,,4.1,,,310,7388.0
2017 Nissan GT-R (R35),MODERN SUPERCARS,132000.0,Autoshow,S1,814.0,AWD,7.5,6.7,8.7,7.8,5.3,4.8,208.9,2.8,6.9,1.07,565,3933.0
1984 Opel Manta 400,RALLY MONSTERS,100000.0,Autoshow,B,691.0,RWD,5.8,4.9,4.6,4.8,3.7,6.6,,4.1,,,275,2183.0
2009 Pagani Zonda Cinque Roadster,HYPERCARS,2100000.0,Autoshow,S1,896.0,RWD,7.4,8.0,6.5,6.9,8.9,4.5,204.4,3.3,6.5,1.22,678,2858.0
2010 Pagani Zonda R,EXTREME TRACK TOYS,1800000.0,Autoshow,S2,959.0,RWD,8.0,10.0,7.3,7.9,10.0,3.9,221.8,2.8,5.1,1.74,739,2536.0
2016 Pagani Huayra BC,HYPERCARS,2700000.0,Wheelspin,S2,929.0,RWD,8.4,9.1,7.0,7.6,10.0,4.2,,4.1,,,740,2685.0
2016 Pagani Huayra BC Forza Edition,EXTREME TRACK TOYS,2700000.0,Wheelspin,S2,998.0,RWD,8.1,10.0,8.0,8.8,10.0,3.7,,4.1,,,"1,006",2425.0
1962 Peel P50,CULT CLASSICS,250000.0,Season Event,D,100.0,RWD,1.2,3.0,1.0,2.3,3.9,4.5,,4.1,,,4,311.0
1965 Peel Trident,CULT CLASSICS,250000.0,Season Event,D,100.0,RWD,1.3,3.0,1.0,2.5,2.6,5.5,,4.1,,,4,353.0
2011 Penhall The Cholla,UNLIMITED BUGGIES,100000.0,Autoshow,B,655.0,RWD,4.1,3.7,5.7,4.8,4.3,10.0,,4.1,,,196,2200.0
1984 Peugeot 205 Turbo 16,RETRO RALLY,200000.0,Wheelspin,B,616.0,AWD,5.0,5.0,4.4,1.6,3.6,7.2,,4.1,,,200,2524.0
1991 Peugeot 205 Rallye,RETRO HOT HATCH,20000.0,Autoshow,D,462.0,FWD,4.3,4.4,2.9,3.8,2.5,4.9,120.0,9.6,25.0,0.84,99,1742.0
2007 Peugeot 207 Super 2000,RALLY MONSTERS,150000.0,Autoshow,A,755.0,AWD,5.3,6.2,5.9,5.2,5.7,8.0,,4.1,,,280,2425.0
1971 Plymouth Cuda 426 Hemi,CLASSIC MUSCLE,160000.0,Autoshow,C,547.0,RWD,5.6,3.7,3.4,3.3,2.4,5.3,,4.1,,,425,3880.0
2015 Polaris RZR XP 1000 EPS,UTV'S,25000.0,Autoshow,C,501.0,AWD,3.4,3.5,3.8,3.8,4.4,9.0,,4.1,,,110,1530.0
1965 Pontiac GTO,CLASSIC MUSCLE,48000.0,Autoshow,D,484.0,RWD,4.7,3.2,3.1,2.9,2.0,5.4,,4.1,,,360,3468.0
1977 Pontiac Firebird Trans Am,CLASSIC MUSCLE,45000.0,Autoshow,D,418.0,RWD,5.1,3.9,3.1,2.0,2.1,5.7,,4.1,,,201,3800.0
1987 Pontiac Firebird Trans Am GTA,RETRO MUSCLE,25000.0,Autoshow,D,485.0,RWD,5.5,4.1,3.4,3.1,2.4,4.8,,4.1,,,210,3483.0
1987 Pontiac Firebird Trans Am GTA Forza Edition,TRACK TOYS,500000.0,Wheelspin,S1,900.0,RWD,6.9,7.1,5.5,5.8,6.3,3.4,,4.1,,,850,3219.0
1959 Porsche 356 A 1600 Super,RARE CLASSICS,240000.0,Autoshow,D,241.0,RWD,3.8,3.7,1.8,2.1,1.8,5.3,,4.1,,,75,1931.0
1970 Porsche #3 917 LH,CLASSIC RACERS,15000000.0,Autoshow,S1,856.0,RWD,8.2,5.9,7.2,7.1,4.9,4.0,,4.1,,,601,2044.0
1970 Porsche 914/6,CLASSIC SPORTS CARS,24000.0,Autoshow,D,427.0,RWD,4.4,4.2,3.4,2.8,2.5,5.2,,4.1,,,125,2196.0
1973 Porsche 911 Carrera RS,RARE CLASSICS,350000.0,Barn,B,601.0,RWD,5.2,4.9,5.1,3.7,3.1,5.0,,4.1,,,207,2450.0
1982 Porsche 911 Turbo 3.3,RETRO SUPERCARS,150000.0,Autoshow,B,666.0,RWD,5.6,5.2,4.8,2.0,4.1,5.2,,4.1,,,296,2866.0
1985 Porsche #185 959 Prodrive Rally Raid,RALLY MONSTERS,1500000.0,Autoshow,A,742.0,AWD,6.1,5.4,7.5,6.1,4.3,7.6,,4.1,,,394,3322.0
1987 Porsche 959,RETRO SUPERCARS,2000000.0,Autoshow,A,764.0,AWD,7.3,6.2,8.2,4.7,4.9,4.7,200.3,3.6,8.2,1.08,450,3190.0
1989 Porsche #65 Rothsport Racing 911 'Desert Flyer',RALLY MONSTERS,500000.0,Autoshow,B,694.0,RWD,4.8,5.0,5.7,4.8,4.1,8.5,,4.1,,,325,2840.0
1989 Porsche 944 Turbo,RETRO SPORTS CARS,35000.0,Autoshow,B,651.0,RWD,5.8,5.3,4.9,2.6,4.1,5.3,,4.1,,,247,3115.0
1993 Porsche 968 Turbo S,RETRO SPORTS CARS,140000.0,Autoshow,A,701.0,RWD,6.2,5.2,5.3,4.5,4.1,4.8,,4.1,,,305,2866.0
1995 Porsche 911 GT2,RETRO SUPERCARS,550000.0,Autoshow,A,753.0,RWD,6.5,6.3,6.7,5.7,5.3,4.5,180.3,3.9,8.7,1.1,424,2855.0
1998 Porsche 911 GT1 Strassenversion,RETRO SUPERCARS,2500000.0,Autoshow,S1,840.0,RWD,7.2,7.9,6.0,6.3,8.7,3.9,,4.1,,,536,2646.0
2003 Porsche Carrera GT,RETRO SUPERCARS,1000000.0,Autoshow,S1,845.0,RWD,7.6,7.1,6.6,7.2,7.5,4.5,,4.1,,,605,3258.0
2004 Porsche 911 GT3,RETRO SUPERCARS,65000.0,Autoshow,A,778.0,RWD,7.1,6.9,6.4,5.7,5.3,4.8,,4.1,,,381,3160.0
2012 Porsche 911 GT2 RS,TRACK TOYS,240000.0,Autoshow,S1,860.0,RWD,7.7,7.6,8.0,6.3,7.7,4.6,,4.1,,,611,3020.0
2014 Porsche 911 Turbo S,MODERN SUPERCARS,150000.0,Autoshow,S1,808.0,AWD,7.9,6.6,8.3,9.3,6.7,4.6,215.6,2.6,6.8,1.09,560,3607.0
2014 Porsche 918 Spyder,HYPERCARS,850000.0,Autoshow,S2,920.0,AWD,8.8,8.9,10.0,10.0,9.3,4.6,,4.1,,,887,3692.0
2015 Porsche Cayman GTS,MODERN SPORTS CARS,80000.0,Autoshow,A,767.0,RWD,6.6,6.4,6.1,6.2,5.2,4.6,,4.1,,,340,2965.0
2016 Porsche 911 GT3 RS,TRACK TOYS,235000.0,Autoshow,S1,864.0,RWD,7.8,8.3,7.4,7.8,8.0,4.5,,4.1,,,493,3131.0
2016 Porsche Cayman GT4,TRACK TOYS,85000.0,Autoshow,S1,819.0,RWD,7.0,8.1,6.8,6.6,7.6,4.2,,4.1,,,385,2955.0
2017 Porsche Panamera Turbo,SUPER SALOONS,150000.0,Autoshow,A,767.0,AWD,7.6,6.3,7.1,8.2,6.1,5.1,,4.1,,,550,4398.0
2018 Porsche 718 Cayman GTS,MODERN SPORTS CARS,90000.0,Autoshow,A,785.0,RWD,6.8,7.3,6.4,7.0,5.6,4.4,,4.1,,,361,3135.0
2018 Porsche 911 GT2 RS,TRACK TOYS,315000.0,Autoshow,S1,888.0,RWD,8.0,8.6,7.5,8.3,8.3,4.2,,4.1,,,691,3197.0
2018 Porsche Cayenne Turbo,SPORTS UTILITY HEROES,220000.0,Autoshow,A,744.0,AWD,6.7,5.3,7.4,9.8,6.0,5.9,,4.1,,,550,4795.0
2018 Porsche Macan LPR Rally Raid,OFFROAD,250000.0,Wheelspin,B,637.0,AWD,5.1,3.9,4.7,4.6,4.7,10.0,,4.1,,,360,4899.0
2019 Porsche 911 Carrera S,MODERN SPORTS CARS,105000.0,Autoshow,S1,819.0,RWD,7.4,7.4,6.4,6.9,7.9,4.5,,4.1,,,444,3340.0
2019 Porsche 911 GT3 RS,TRACK TOYS,255000.0,Autoshow,S1,860.0,RWD,7.2,8.4,7.4,7.6,8.2,4.4,198.8,3.0,6.9,1.28,514,3153.0
2019 Porsche 911 GT3 RS Forza Edition,RALLY MONSTERS,255000.0,Car Collection,S1,900.0,AWD,7.0,7.0,10.0,10.0,7.8,8.1,,4.1,,,600,2844.0
2019 Porsche Macan Turbo,SPORTS UTILITY HEROES,135000.0,Autoshow,B,695.0,AWD,6.2,4.9,5.8,9.4,4.0,6.3,,4.1,,,434,4277.0
2020 Porsche Taycan Turbo S,SUPER SALOONS,185000.0,Autoshow,S1,807.0,AWD,6.1,5.7,8.5,9.6,6.0,4.4,,4.1,,,752,5121.0
"2020 Porsche Taycan Turbo S ""Welcome Pack""",SUPER SALOONS,185000.0,Autoshow,S1,900.0,AWD,10.0,7.8,9.7,10.0,7.2,4.4,,4.1,,,902,3858.0
2015 Radical RXC Turbo,EXTREME TRACK TOYS,330000.0,Wheelspin,S2,928.0,RWD,7.0,9.6,7.1,5.8,9.0,4.0,,4.1,,,454,2072.0
2019 RAESR Tachyon Speed,HYPERCARS,1050000.0,Season Event,S2,983.0,AWD,8.5,9.1,5.3,5.7,8.9,4.6,0.0,3.0,5.1,1.35,"1,251",3200.0
2017 RAM 2500 Power Wagon,PICK-UP & 4X4'S,41000.0,Autoshow,D,467.0,AWD,5.2,3.3,2.8,1.8,2.8,8.9,,4.1,,,410,7044.0
1972 Reliant Supervan III,CULT CARS,35000.0,Autoshow,D,100.0,RWD,2.6,3.4,2.2,4.5,2.0,5.6,,4.1,,,32,1004.0
1967 Renault 8 Gordini,CLASSIC RALLY,0.0,Autoshow,D,435.0,RWD,4.0,4.4,3.5,2.8,2.9,5.9,,4.1,,,103,1885.0
1968 Renault 4L Export,CULT CARS,20000.0,Barn,D,100.0,FWD,2.2,3.5,1.5,2.3,2.0,5.8,64.6,30.1,,0.68,27,1310.0
1980 Renault 5 Turbo,RETRO RALLY,120000.0,Autoshow,C,521.0,RWD,4.6,4.3,4.6,3.4,2.9,6.0,127.6,6.7,19.3,0.86,157,2138.0
1993 Renault Clio Williams,RETRO HOT HATCH,30000.0,Autoshow,C,511.0,FWD,4.7,4.8,4.0,3.1,2.9,4.8,,4.1,,,142,2233.0
2008 Renault Mégane R26.R,SUPER HOT HATCH,28000.0,Autoshow,B,678.0,FWD,5.4,6.0,4.8,4.0,5.2,4.7,151.1,5.9,14.3,0.97,227,2712.0
2013 Renault Clio R.S. 200 EDC,HOT HATCH,29000.0,Autoshow,C,595.0,FWD,5.1,5.1,4.4,4.5,3.6,4.9,,4.1,,,197,2685.0
2018 Renault MEGANE R.S.,SUPER HOT HATCH,37000.0,Autoshow,B,670.0,FWD,5.7,6.0,4.5,4.6,4.4,5.0,,4.1,,,275,3153.0
2019 Rimac Concept Two,HYPERCARS,2000000.0,Autoshow,S2,963.0,AWD,9.1,7.5,9.9,10.0,9.3,3.8,261.3,1.9,4.3,1.25,"1,887",4299.0
2016 RJ Anderson #37 Polaris RZR-Rockstar Energy Pro 2 Truck,UNLIMITED OFFROAD,500000.0,Autoshow,A,776.0,RWD,5.9,3.7,4.5,4.2,5.1,9.9,158.1,4.4,8.5,0.95,850,3750.0
2004 Saleen S7,RETRO SUPERCARS,388000.0,Wheelspin,S1,855.0,RWD,7.9,7.4,7.1,7.0,6.7,4.7,,4.1,,,575,2756.0
2018 Saleen S1,MODERN SUPERCARS,200000.0,Autoshow,S1,821.0,RWD,6.5,7.2,7.2,5.9,6.3,4.7,,4.1,,,450,2685.0
1965 Shelby Cobra 427 S/C,RARE CLASSICS,2100000.0,Autoshow,B,694.0,RWD,5.9,4.1,4.5,4.6,3.2,4.5,,4.1,,,425,2350.0
1965 Shelby Cobra Daytona Coupe,CLASSIC RACERS,30000000.0,Autoshow,B,637.0,RWD,6.7,3.9,3.7,2.9,2.8,4.7,,4.1,,,390,2300.0
2021 SIERRA Cars RX3,UTV'S,45000.0,Autoshow,A,737.0,RWD,4.3,5.1,6.4,7.1,5.9,7.7,,4.1,,,194,925.0
1998 Subaru Impreza 22B-STi Version,RETRO RALLY,110000.0,Wheelspin,B,640.0,AWD,5.6,5.5,5.0,3.2,3.6,5.3,,4.1,,,276,2800.0
2004 Subaru IMPREZA WRX STi,MODERN RALLY,28000.0,Autoshow,B,652.0,AWD,5.9,5.3,6.0,3.6,3.6,5.6,,4.1,,,278,3270.0
2005 Subaru IMPREZA WRX STI,MODERN RALLY,51000.0,Autoshow,B,669.0,AWD,6.2,5.3,6.3,3.2,3.6,5.7,168.5,4.5,12.1,0.91,311,3315.0
2008 Subaru IMPREZA WRX STI,MODERN RALLY,31000.0,Autoshow,B,649.0,AWD,5.7,5.5,5.4,3.8,3.7,5.6,,4.1,,,305,3395.0
2011 Subaru WRX STI,MODERN RALLY,33000.0,Autoshow,B,668.0,AWD,6.0,5.7,5.1,2.8,3.9,5.9,,4.1,,,305,3384.0
2013 Subaru BRZ,MODERN SPORTS CARS,32000.0,Autoshow,C,581.0,RWD,5.7,5.1,4.2,3.6,3.1,4.8,,4.1,,,200,2764.0
2015 Subaru WRX STI,MODERN RALLY,42000.0,Autoshow,B,675.0,AWD,6.0,5.7,5.5,3.1,3.9,5.6,,4.1,,,305,3386.0
2019 Subaru STI 209,MODERN RALLY,42000.0,Autoshow,B,689.0,AWD,6.0,5.9,5.8,3.1,4.4,5.4,,4.1,,,341,3485.0
1969 Toyota 2000GT,RARE CLASSICS,750000.0,Autoshow,D,487.0,RWD,5.1,4.3,3.7,2.7,2.6,5.0,,4.1,,,150,2550.0
1974 Toyota Celica GT,CLASSIC SPORTS CARS,20000.0,Autoshow,D,315.0,RWD,4.0,3.8,2.7,2.5,2.0,4.9,,4.1,,,97,2392.0
1979 Toyota FJ40,PICK-UP & 4X4'S,55000.0,Autoshow,D,269.0,AWD,3.4,3.0,2.4,3.4,2.3,7.5,,4.1,,,135,3417.0
1985 Toyota Sprinter Trueno GT Apex,RETRO SPORTS CARS,20000.0,Wheelspin,D,480.0,RWD,4.5,4.3,4.0,3.4,2.6,5.2,,4.1,,,128,2094.0
1989 Toyota MR2 SC,RETRO SPORTS CARS,20000.0,Autoshow,C,502.0,RWD,5.1,4.7,3.8,3.3,2.8,5.4,,4.1,,,145,2620.0
1992 Toyota Celica GT-Four RC ST185,RETRO RALLY,25000.0,Autoshow,C,544.0,AWD,5.8,4.5,4.7,2.9,2.7,5.5,,4.1,,,232,3219.0
1992 Toyota Supra 2.0 GT,RETRO SPORTS CARS,20000.0,Autoshow,C,558.0,RWD,5.4,5.1,4.1,2.7,3.0,5.1,,4.1,,,206,3329.0
1993 Toyota #1 T100 Baja Truck,UNLIMITED OFFROAD,500000.0,Barn,B,693.0,RWD,4.7,3.7,5.9,6.0,4.7,10.0,130.6,5.2,14.9,0.93,360,4000.0
1994 Toyota Celica GT-Four ST205,RETRO RALLY,20000.0,Wheelspin,C,590.0,AWD,6.1,4.9,5.1,2.9,3.0,5.3,,4.1,,,255,3175.0
1998 Toyota Supra RZ,RETRO SPORTS CARS,38000.0,Autoshow,B,646.0,RWD,6.4,5.4,4.6,3.1,3.5,4.7,,4.1,,,320,3329.0
"1998 Toyota Supra RZ ""Welcome Pack""",RETRO SPORTS CARS,38000.0,Autoshow,A,800.0,RWD,7.5,6.7,5.9,4.3,5.8,4.1,,4.1,,,505,3252.0
2003 Toyota Celica SS-1,RETRO SPORTS CARS,250000.0,Season Event,C,557.0,FWD,5.5,4.8,3.8,3.0,3.0,5.2,147.8,6.8,18.2,0.89,187,2560.0
2007 Toyota Hilux Arctic Trucks AT38,PICK-UP & 4X4'S,250000.0,Season Event,D,457.0,AWD,4.0,4.1,2.7,2.6,2.9,9.4,,4.1,,,169,4740.0
2013 Toyota 86,MODERN SPORTS CARS,28800.0,Autoshow,C,579.0,RWD,5.5,5.2,4.2,3.6,3.2,4.8,,4.1,,,197,2734.0
2016 Toyota Land Cruiser Arctic Trucks AT37,PICK-UP & 4X4'S,250000.0,Season Event,D,404.0,AWD,4.1,3.8,2.5,2.2,2.7,9.5,,4.1,,,161,4993.0
2020 Toyota GR Supra,MODERN SPORTS CARS,55000.0,Autoshow,A,731.0,RWD,6.2,6.1,5.5,5.8,4.6,4.8,,4.1,,,335,3397.0
1998 TVR Cerbera Speed 12,RETRO SUPERCARS,500000.0,Autoshow,S1,861.0,RWD,8.7,6.7,5.4,5.7,6.6,3.4,239.5,3.5,6.0,1.22,800,2150.0
2005 TVR Sagaris,RETRO SPORTS CARS,86000.0,Autoshow,A,779.0,RWD,6.7,6.2,5.3,5.5,5.0,4.3,,4.1,,,406,2377.0
2018 TVR Griffith,MODERN SPORTS CARS,105000.0,Autoshow,S1,825.0,RWD,7.2,7.7,5.9,6.3,6.9,4.2,,4.1,,,480,2645.0
2015 Ultima Evolution Coupe 1020,EXTREME TRACK TOYS,300000.0,Autoshow,S2,961.0,RWD,8.8,9.5,7.7,8.4,7.9,3.9,,4.1,,,"1,020",2094.0
1990 Vauxhall Lotus Carlton,RETRO SALOONS,250000.0,Season Event,B,635.0,RWD,6.6,4.7,4.1,2.4,3.2,4.7,,4.1,,,379,3642.0
2005 Vauxhall Monaro VXR,MODERN MUSCLE,25000.0,Autoshow,B,696.0,RWD,7.1,5.6,4.9,4.1,4.3,5.2,,4.1,,,398,3697.0
2016 Vauxhall Corsa VXR,HOT HATCH,28000.0,Autoshow,C,584.0,FWD,5.1,5.3,3.3,4.2,3.6,4.7,,4.1,,,202,2851.0
1963 Volkswagen Beetle,CULT CARS,20000.0,Accolade,D,100.0,RWD,2.9,3.7,1.7,2.9,1.9,5.7,,4.1,,,40,1760.0
1963 Volkswagen Beetle Forza Edition,TRACK TOYS,500000.0,Accolade,S1,900.0,RWD,6.1,8.8,8.0,8.8,10.0,4.4,,4.1,,,329,1543.0
1963 Volkswagen Type 2 De Luxe,CULT CARS,40000.0,Autoshow,D,100.0,RWD,2.6,3.6,1.5,3.0,2.0,5.7,,4.1,,,50,2513.0
1969 Volkswagen Class 5/1600 Baja Bug,BUGGIES,60000.0,Autoshow,D,349.0,RWD,3.5,4.6,2.5,4.7,3.1,7.7,,4.1,,,80,2400.0
1970 Volkswagen #1107 Desert Dingo Racing Stock Bug,BUGGIES,25000.0,Autoshow,D,371.0,RWD,3.8,3.4,2.8,2.9,2.3,8.5,,4.1,,,93,2165.0
1981 Volkswagen Scirocco S,RETRO HOT HATCH,20000.0,Autoshow,D,293.0,FWD,3.7,4.3,2.5,2.8,2.1,4.9,,4.1,,,74,2015.0
1983 Volkswagen Golf GTI,RETRO HOT HATCH,20000.0,Autoshow,D,428.0,FWD,4.2,3.9,3.5,3.3,2.4,5.0,,4.1,,,112,1909.0
1992 Volkswagen Golf Gti 16v Mk2,RETRO HOT HATCH,20000.0,Autoshow,D,429.0,FWD,4.6,4.4,3.4,2.5,2.4,4.9,,4.1,,,139,2425.0
1995 Volkswagen Corrado VR6,RETRO HOT HATCH,20000.0,Autoshow,C,533.0,FWD,5.4,4.8,3.6,3.3,2.8,5.0,148.2,7.3,19.1,0.86,178,2734.0
1998 Volkswagen GTI VR6 Mk3,RETRO HOT HATCH,25000.0,Autoshow,C,510.0,FWD,5.1,4.6,3.7,2.8,2.8,5.1,,4.1,,,172,2800.0
2003 Volkswagen Golf R32,HOT HATCH,20000.0,Autoshow,B,618.0,AWD,5.6,5.3,5.0,5.4,3.6,5.4,,4.1,,,241,3256.0
2010 Volkswagen Golf R,SUPER HOT HATCH,64000.0,Autoshow,B,645.0,AWD,5.8,5.7,5.0,3.2,3.5,5.5,,4.1,,,267,3188.0
2011 Volkswagen Scirocco R,HOT HATCH,45000.0,Autoshow,B,663.0,FWD,5.8,5.5,4.6,4.8,4.0,4.9,,4.1,,,261,2963.0
2014 Volkswagen Golf R,SUPER HOT HATCH,50000.0,Autoshow,B,663.0,AWD,5.9,5.9,5.8,6.3,3.8,5.5,,4.1,,,296,3254.0
2017 Volkswagen #34 Volkswagen Andretti Rallycross Beetle,RALLY MONSTERS,500000.0,Autoshow,S1,851.0,AWD,4.8,5.6,9.2,4.6,5.9,7.6,136.4,2.3,5.3,1.17,553,2668.0
1983 Volvo 242 Turbo Evolution,CLASSIC RALLY,45000.0,Autoshow,C,548.0,RWD,5.0,4.0,4.0,3.6,3.1,5.5,,4.1,,,225,3175.0
1997 Volvo 850 R,RETRO SALOONS,25000.0,Autoshow,C,511.0,FWD,5.8,4.3,3.3,2.6,2.5,5.0,,4.1,,,240,3230.0
2015 Volvo V60 Polestar,SUPER SALOONS,62000.0,Autoshow,B,662.0,AWD,6.1,5.9,5.5,3.6,3.9,5.1,,4.1,,,346,3985.0
2017 VUHL 05RR,TRACK TOYS,100000.0,Autoshow,S1,886.0,RWD,6.8,8.6,8.5,9.2,7.8,3.7,,4.1,,,385,1598.0
1945 WILLYS MB Jeep,PICK-UP & 4X4'S,40000.0,Autoshow,D,198.0,AWD,2.6,3.7,2.0,3.3,2.1,7.1,,4.1,,,60,2137.0
2019 Zenvo TSR-S,HYPERCARS,1200000.0,Autoshow,S2,927.0,RWD,9.0,8.7,6.7,7.2,9.6,4.0,,4.1,,,"1,177",3410.0
